doc_id,row,pred_no,origin,pred_severity,pred_section,pred_text,judge_status,judge_matched,judge_reason,your_label (agree/disagree)
gs-01-checkout-api,prediction,1,agent,CRITICAL,2. Architecture Overview,"issue: The internal reporting API is unauthenticated, violating the Zero Trust Architecture Standard §2.1. recommendation: Implement authentication for the internal reporting API, using a validated OAuth 2.0 access token.",TRAP,MUST-NOT-FLAG: Unauthenticated payment webhook allows forged payment confirmations,"The reported finding specifically mentions an unauthenticated internal reporting API and recommends OAuth 2.0 authentication. Candidate C2 also describes an unauthenticated component (payment webhook), which is a similar underlying weakness.",
gs-01-checkout-api,prediction,2,agent,CRITICAL,5. Data Stores,issue: The read replica is described as publicly accessible. recommendation: Make the read replica private and serve it through CloudFront with an origin access identity.,correct,Reporting read replica with customer PII is publicly accessible on port 5432 from any address,"The reported finding specifically mentions a read replica being publicly accessible and recommends restricting access via CloudFront with an origin access identity. Candidate C5 describes the same issue: a reporting read replica with customer PII is publicly accessible on port 5432, allowing internet-wide scanning and potential exploitation.",
gs-01-checkout-api,prediction,3,rules_engine,CRITICAL,4. API Layer,"issue: An API or service endpoint is exposed without authentication. recommendation: Require authentication on every endpoint by default. If an endpoint must be anonymous (health probe, well-known metadata), document it explicitly, keep it free of business data, and rate-limit it.",TRAP,MUST-NOT-FLAG: Unauthenticated payment webhook allows forged payment confirmations,"The reported finding specifically addresses API endpoints exposed without authentication, and C4 directly describes an unauthenticated payment webhook, which is a type of API endpoint. The other candidates address different security concerns (data encryption, rate limiting on login, Kubernetes control plane access, IAM roles, Kong Admin API, and database accessibility).",
gs-01-checkout-api,prediction,4,agent,HIGH,3. Customer Checkout Flow,"issue: Input is described as collected on the client-side for the payment step, which is a HIGH risk according to §5.1 of the application-security-standard.md. recommendation: Move input validation for the payment step to the server-side, and reject on failure.",TRAP,MUST-NOT-FLAG: Card data (PAN/CVC) handled or stored by the checkout platform,"The reported finding specifically highlights the risk of client-side input validation for payment information, which directly relates to the handling of sensitive card data. Candidate C3 explicitly mentions 'Card data (PAN/CVC) handled or stored by the checkout platform,' making it the closest match.",
gs-01-checkout-api,prediction,5,agent,HIGH,4. API Layer,"issue: The /v1/payments/webhook route is unauthenticated, violating [application-security-standard.md §3.1] Authentication coverage. recommendation: Configure authentication for the /v1/payments/webhook route.",TRAP,MUST-NOT-FLAG: Unauthenticated payment webhook allows forged payment confirmations,"The reported finding specifically mentions an unauthenticated webhook route, which directly corresponds to the vulnerability described in candidate C3 regarding forged payment confirmations due to the lack of authentication.",
gs-01-checkout-api,prediction,6,agent,HIGH,7.1 Customers,"issue: The access tokens issued by identity-svc are long-lived, valid for 12 hours, which exceeds the 15-minute limit specified in [application-security-standard.md §3.4]. recommendation: Rotate the access token lifetime to 15 minutes or less.",correct,Access tokens are not revoked on sign-out or password change,"The reported finding specifically addresses the long lifespan of access tokens and the need for rotation, which directly relates to the issue of access tokens not being revoked on sign-out or password change (C2). This is a failure to invalidate tokens appropriately after a user action.",
gs-01-checkout-api,prediction,7,agent,HIGH,7.1 Customers,"issue: Token validation is described as happening only at the gateway, which is a HIGH risk according to [application-security-standard.md §3.4]. recommendation: Implement token validation at multiple points in the system, not just the gateway.",correct,Access tokens are not revoked on sign-out or password change,"The reported finding specifically addresses the risk of relying on a single point of token validation and the need for validation at multiple points. Candidate C1 describes a similar issue where tokens remain valid even after actions like sign-out or password changes, indicating a lack of proper token revocation and validation across the system.",
gs-01-checkout-api,prediction,8,agent,HIGH,5. Data Stores,"issue: The orders database, which stores customer data, does not have a stated classification. recommendation: State the classification of the orders database as Public, Internal, Confidential, or Restricted.",TRAP,MUST-NOT-FLAG: Customer PII database lacks encryption at rest or in transit,"The reported finding specifically addresses the lack of a stated classification for the orders database, which inherently involves customer data. Candidate C3 also mentions the customer PII database lacking encryption, which is a related concern about the security of customer data stored in the orders database.",
gs-01-checkout-api,prediction,9,agent,HIGH,5. Data Stores,"issue: The S3 bucket has S3 Block Public Access enabled, but the design does not state whether the bucket is account-level public access blocked. recommendation: Enable account-level public access blocking for the S3 bucket and enforce it by policy.",correct,All pods share an over-privileged node IAM role (S3 and SES full access),"The reported finding specifically addresses the configuration of S3 bucket access controls, focusing on public access blocking. Candidate C7 also discusses S3 access controls and the potential for over-privileged access, making it the closest match.",
gs-01-checkout-api,prediction,10,agent,HIGH,7.4 Workload identity,"issue: The workload identity has AmazonS3FullAccess and AmazonSESFullAccess policies attached, which grant wildcard actions and resources. recommendation: Remove the wildcard policies and replace them with least-privilege policies scoped to specific actions and resource identifiers.",correct,All pods share an over-privileged node IAM role (S3 and SES full access),"The reported finding specifically addresses the issue of overly permissive IAM policies (AmazonS3FullAccess and AmazonSESFullAccess) attached to workloads, granting excessive access. Candidate C3 mirrors this exact concern about over-privileged access via a shared node IAM role, directly aligning with the reported finding's description of the problem and recommendation.",
gs-01-checkout-api,prediction,11,agent,HIGH,8. Data Protection,"issue: The RDS instance uses a customer-managed KMS key for storage encryption, but the design does not describe a defined cryptoperiod, rotation mechanism, revocation path, or documented recovery procedure for the key. recommendation: Define a cryptoperiod, rotation mechanism, revocation path, and documented recovery procedure for the KMS key.",TRAP,MUST-NOT-FLAG: Customer PII database lacks encryption at rest or in transit,"The reported finding specifically addresses the lack of key management practices (cryptoperiod, rotation, revocation, recovery) for an RDS instance using a customer-managed KMS key, which directly relates to the encryption of data at rest. Candidate C1, concerning the lack of encryption at rest for a customer PII database, shares this underlying weakness.",
gs-01-checkout-api,prediction,12,agent,HIGH,11. Availability and Disaster Recovery,"issue: The DR runbook has not been tested since 2026, violating [vulnerability-resilience-standard.md §4.4] Restore testing. recommendation: Test the DR runbook annually, as required by [vulnerability-resilience-standard.md §4.4].",unmatched,,"The reported finding specifically addresses the lack of testing for the Disaster Recovery (DR) runbook, highlighting a failure to maintain a critical operational procedure. None of the candidate issues relate to DR testing or runbook maintenance; they address different security concerns like password policies, audit trails, data handling, or API access.",
gs-01-checkout-api,prediction,13,agent,HIGH,11. Availability and Disaster Recovery,"issue: The stated RPO is shorter than the described backup interval, violating [vulnerability-resilience-standard.md §4.1] Availability targets. recommendation: Adjust the backup interval to support the stated RPO.",TRAP,MUST-NOT-FLAG: Card data (PAN/CVC) handled or stored by the checkout platform,"The reported finding specifically addresses a conflict between the Recovery Point Objective (RPO) and the backup interval, indicating a potential gap in data recovery capabilities. This relates to the handling and storage of sensitive data, particularly card data, which is a core function of the checkout platform.",
gs-01-checkout-api,prediction,14,agent,HIGH,11. Availability and Disaster Recovery,"issue: The stated RTO is not supported by a described restore time, violating [vulnerability-resilience-standard.md §4.1] Availability targets. recommendation: Specify the restore time to support the stated RTO.",unmatched,,"The reported finding specifically addresses a mismatch between a stated Recovery Time Objective (RTO) and the lack of a corresponding restore time, indicating a gap in the availability and disaster recovery plan. None of the candidate issues directly relate to this specific availability target mismatch.",
gs-01-checkout-api,prediction,15,agent,HIGH,7.3 Staff,"issue: The order-admin backend has a single permission level, which violates [network-management-standard.md §3.1] Centralised authentication Requirement: All device administration MUST authenticate against TACACS+ (preferred) or RADIUS, backed by the enterprise directory, with command authorisation and per-command accounting. recommendation: Implement role-based access control (RBAC) for the order-admin backend, with separate permissions for each action.",correct,Order-admin UI grants every employee full admin rights including refunds and customer export,"The reported finding specifically highlights the lack of role-based access control (RBAC) and the single permission level in the order-admin backend, allowing employees full admin rights. Candidate C6 mirrors this exact issue, describing the order-admin UI granting full admin rights to all employees and the single permission level, leading to potential insider fraud and data exfiltration.",
gs-01-checkout-api,prediction,16,rules_engine,HIGH,4. API Layer,"issue: Sensitive data is written to application logs. recommendation: Mask or omit PII, card data, tokens and full request bodies in logs. Log identifiers and correlation IDs instead of payloads, and apply the same classification controls to log stores as to the source data.",TRAP,MUST-NOT-FLAG: Card data (PAN/CVC) handled or stored by the checkout platform,"The reported finding specifically addresses the issue of sensitive data being written to application logs, and C3 directly mentions card data being handled by the checkout platform. This aligns with the finding's concern about masking or omitting sensitive data like card data from logs.",
gs-01-checkout-api,prediction,17,correlation,HIGH,Cross-domain,"issue: The application design states that the RDS instance uses a customer-managed KMS key for storage encryption, but the cloud design does not describe a defined cryptoperiod, rotation mechanism, revocation path, or documented recovery procedure for the key. recommendation: Implement a defined cryptoperiod, rotation mechanism, revocation path, and documented recovery procedure for the key.",TRAP,MUST-NOT-FLAG: Customer PII database lacks encryption at rest or in transit,"The reported finding specifically addresses the lack of key management practices (cryptoperiod, rotation, revocation, recovery) for a KMS key used to encrypt data at rest. Candidate C2 also highlights a lack of encryption at rest for a customer PII database, which aligns with the core issue of data encryption and key management.",
gs-01-checkout-api,prediction,18,correlation,HIGH,Cross-domain,"issue: The application relies on network segmentation for tenant isolation, but the network design has one flat segment. recommendation: Implement network segmentation to isolate tenants.",correct,Unauthenticated Kong Admin API reachable from the whole corporate network,"The reported finding specifically mentions a lack of network segmentation for tenant isolation and the existence of a flat network segment. Candidate C1 describes a significant network exposure issue (Kong Admin API reachable from the entire corporate network), which directly relates to the lack of proper network segmentation and isolation.",
gs-01-checkout-api,prediction,19,correlation,HIGH,Cross-domain,"issue: The cloud design does not describe a defined cryptoperiod, rotation mechanism, revocation path, or documented recovery procedure for the customer-managed KMS key, but the application design states that the RDS instance uses a customer-managed KMS key for storage encryption. recommendation: Implement a defined cryptoperiod, rotation mechanism, revocation path, and documented recovery procedure for the key.",TRAP,MUST-NOT-FLAG: Customer PII database lacks encryption at rest or in transit,"The reported finding specifically addresses the lack of key management practices (cryptoperiod, rotation, revocation, recovery) for a customer-managed KMS key used to encrypt an RDS instance. Candidate C2 also concerns encryption, but it focuses on the encryption of a PII database, which is a different component than the KMS key used for RDS encryption.",
gs-01-checkout-api,prediction,20,rules_engine,HIGH,6. Network Design,"issue: Management or database ports are reachable from the internet. recommendation: Remove 0.0.0.0/0 ingress on administrative and data ports. Reach instances through a bastion or SSM-style session broker, and place data services on private subnets with private endpoints only.",correct,Unauthenticated Kong Admin API reachable from the whole corporate network,"The reported finding specifically addresses the issue of management and database ports being reachable from the internet, which aligns with candidate C1's description of the Kong Admin API being accessible from the corporate network without authentication.",
gs-01-checkout-api,prediction,21,correlation,HIGH,Cross-domain,"issue: The network design has one flat segment, but the application design relies on network segmentation for tenant isolation. recommendation: Implement network segmentation to isolate tenants.",TRAP,MUST-NOT-FLAG: Customer PII database lacks encryption at rest or in transit,"The reported finding focuses on the lack of network segmentation for tenant isolation, which directly relates to the potential for unauthorized access and data exposure between tenants. Candidate C1 describes a lack of encryption, which would expose PII data and is a similar security weakness related to data isolation.",
gs-01-checkout-api,prediction,22,rules_engine,HIGH,11. Availability and Disaster Recovery,"issue: Backups are described without immutability, offline copy, or a tested restore. recommendation: Hold at least one immutable or air-gapped copy outside the production identity domain, and test restore at defined intervals with the result recorded against the stated RTO/RPO.",correct,Reporting read replica with customer PII is publicly accessible on port 5432 from any address,"The reported finding specifically addresses the lack of immutability, offline copies, and tested restores for backups, highlighting a critical gap in disaster recovery preparedness. Candidate C1, concerning a publicly accessible database replica, also represents a significant data security and availability risk, as a compromised or unavailable replica would directly impact recovery efforts.",
gs-01-checkout-api,prediction,23,rules_engine,HIGH,8. Data Protection,"issue: Encryption keys have no defined custody, rotation or escrow model. recommendation: Store keys in an HSM or managed KMS with dual control, define a rotation period per key class, separate key custodians from data administrators, and document the recovery procedure.",TRAP,MUST-NOT-FLAG: Card data (PAN/CVC) handled or stored by the checkout platform,"The reported finding specifically addresses the lack of a defined model for encryption key management, including custody, rotation, and escrow. Candidate C1 directly relates to the handling and storage of sensitive card data (PAN/CVC), which would necessitate robust encryption key management.",
gs-01-checkout-api,prediction,24,agent,MEDIUM,2. Architecture Overview,"issue: The API uses AWS managed Core rule set and Known bad inputs rule groups, which may not be up-to-date or effective, violating [application-security-standard.md §3.1]. recommendation: Review and update the AWS managed Core rule set and Known bad inputs rule groups regularly.",correct,No rate limiting or brute-force protection on login and registration endpoints,"The reported finding concerns the effectiveness and maintenance of AWS managed rule groups, specifically their potential to become outdated and ineffective. Candidate C3 also addresses a lack of protection (rate limiting) which is a similar concern about the effectiveness of security controls, making it a relevant match.",
gs-01-checkout-api,prediction,25,agent,MEDIUM,2. Architecture Overview,"issue: The platform does not have rate limiting for externally reachable endpoints, violating [application-security-standard.md §7.2]. recommendation: Implement per-principal rate limits for externally reachable endpoints.",correct,No rate limiting or brute-force protection on login and registration endpoints,"The reported finding specifically mentions the lack of rate limiting on externally reachable endpoints, which directly aligns with the description of candidate C4, which also highlights the absence of rate limiting on login and registration endpoints.",
gs-01-checkout-api,prediction,26,agent,MEDIUM,4. API Layer,"issue: The rate limit is not per-principal, violating [application-security-standard.md §7.2] Rate limiting and abuse. recommendation: Configure per-principal rate limits for the /v1/cart and /v1/checkout routes.",unmatched,,"The reported finding specifically addresses the lack of per-principal rate limiting on API routes, which is a concern about abuse and resource exhaustion. None of the candidate issues describe this specific weakness related to API rate limiting.",
gs-01-checkout-api,prediction,27,agent,MEDIUM,7.2 PayCrest callbacks,"issue: The design does not validate input from the PayCrest API on every request, as required by [application-security-standard.md §5.1]. recommendation: Validate input from the PayCrest API on every request, using a positive (allow-list) schema covering type, length, range and format.",TRAP,MUST-NOT-FLAG: Unauthenticated payment webhook allows forged payment confirmations,"The reported finding specifically addresses the lack of input validation from an external API (PayCrest) and the need for a positive schema. Candidate C6 also describes a vulnerability related to unauthenticated webhooks allowing forged confirmations, which is a similar issue of failing to validate external input.",
gs-01-checkout-api,prediction,28,agent,MEDIUM,7.1 Customers,"issue: The algorithm used for token validation is not pinned, which is a MEDIUM risk according to [application-security-standard.md §3.4]. recommendation: Pin the algorithm used for token validation.",correct,Access tokens are not revoked on sign-out or password change,"The reported finding specifically addresses the lack of algorithm pinning for token validation, which relates to the security of access tokens. Candidate C4 also discusses access tokens and their validity, making it the closest match.",
gs-01-checkout-api,prediction,29,agent,MEDIUM,10. Logging and Monitoring,"issue: The Kong access logs do not log Authorization and Cookie headers, which is a mandatory event set requirement. recommendation: Log Authorization and Cookie headers in the Kong access logs.",unmatched,,"The reported finding specifically addresses the lack of logging of Authorization and Cookie headers within Kong access logs, which is a configuration issue related to Kong's functionality. None of the other candidates describe a similar weakness or relate to Kong configuration.",
gs-01-checkout-api,prediction,30,agent,MEDIUM,9. Build and Deployment,issue: Unspecified issue. recommendation: Remediation not specified by the reviewer; requires architect input.,correct,Reporting read replica with customer PII is publicly accessible on port 5432 from any address,"The reported finding mentions a lack of specific remediation guidance and requires architect input, which aligns with candidate C1's description of a publicly accessible database replica with sensitive data and a need for architectural review to determine the appropriate security measures.",
gs-01-checkout-api,prediction,31,agent,MEDIUM,6. Network Design,issue: Unspecified issue. recommendation: Remediation not specified by the reviewer; requires architect input.,TRAP,MUST-NOT-FLAG: Customer PII database lacks encryption at rest or in transit,"The reported finding mentions an unspecified issue in the network design requiring architect input, and C1 is the only candidate that directly relates to a network-related security concern (encryption in transit/at rest for a database). The other candidates address different issues like access control, password policy, API security, data exposure, and auditing.",
gs-01-checkout-api,prediction,32,rules_engine,MEDIUM,Document (completeness),"issue: The design does not classify the data it handles. Retention, residency, encryption strength and access-logging requirements all derive from classification, so none of them can be checked. recommendation: State, per data store and per flow, the classification of the data held or carried (for example Public / Internal / Confidential / PHI).",TRAP,MUST-NOT-FLAG: Customer PII database lacks encryption at rest or in transit,"The reported finding specifically highlights the lack of data classification, which directly impacts security controls like encryption and access logging. Candidate C1, regarding the customer PII database lacking encryption, is the only candidate that directly relates to a missing security control stemming from a lack of data classification.",
gs-01-checkout-api,prediction,33,rules_engine,MEDIUM,Document (completeness),"issue: The design does not state where its trust boundaries lie. Controls are only meaningful relative to a boundary, so authentication placement, filtering and encryption requirements cannot be judged. recommendation: Mark the trust boundaries on the architecture diagram and state, for each boundary crossing, what authenticates and what is filtered.",correct,No rate limiting or brute-force protection on login and registration endpoints,"The reported finding specifically addresses the lack of defined trust boundaries, which directly impacts the effectiveness of security controls like authentication, filtering, and encryption. Candidate C1, concerning the lack of rate limiting on login endpoints, highlights a failure to adequately protect a critical boundary (the login interface) and therefore aligns with the finding's concern about the absence of defined boundaries and their impact on control effectiveness.",
gs-01-checkout-api,prediction,34,rules_engine,MEDIUM,Whole document,"issue: No threat model or documented attack-surface analysis accompanies the design. recommendation: Produce a STRIDE or equivalent threat model covering every trust boundary in the design, with mitigations traced to specific controls and residual risks accepted by a named owner.",TRAP,MUST-NOT-FLAG: Customer PII database lacks encryption at rest or in transit,"The reported finding explicitly calls for a threat model and attack surface analysis, which is a high-level design consideration. Candidate C1, regarding the lack of encryption for the customer PII database, represents a specific vulnerability that should be included in a threat model and attack surface analysis.",
gs-01-checkout-api,prediction,35,agent,LOW,8. Data Protection,"issue: Card data is sent directly to PayCrest without being received or stored by Larkfield systems, which means that Larkfield systems do not have access to the card data and therefore do not need to handle it securely. recommendation: This is a correct design decision, as it aligns with the requirement to not store or process sensitive data in-house.",TRAP,MUST-NOT-FLAG: Card data (PAN/CVC) handled or stored by the checkout platform,"The reported finding specifically addresses the handling of card data and whether Larkfield systems need to handle it securely. Candidate C1 directly relates to card data being handled or stored by the checkout platform, which is the core of the reported finding's discussion.",
gs-01-checkout-api,prediction,36,agent,LOW,8. Data Protection,"issue: The design enforces TLS 1.2 or higher, which meets the requirement for TLS 1.2 as the minimum permitted version. recommendation: This is a correct design decision, as it aligns with the requirement to use TLS 1.2 or higher.",unmatched,,"The reported finding discusses TLS versions and compliance with a specific requirement, while the candidate issues focus on data exposure, access token management, login security, encryption, card data handling, IAM roles, and password policies. None of these issues relate to TLS versions or compliance.",
gs-01-checkout-api,missed_expected,,,CRITICAL,3. Customer Checkout Flow; 4. API Layer; 7.1 Customers,F1: Unverified guest email binds the guest session to an existing customer account,MISSED,,,
gs-01-checkout-api,missed_expected,,,MEDIUM,6. Network Design,F6: EKS API server endpoint open to the internet,MISSED,,,
gs-01-checkout-api,missed_expected,,,LOW,7.1 Customers,F9: Weak customer password policy (six-character minimum),MISSED,,,
gs-01-checkout-api,missed_expected,,,MEDIUM,7.3 Staff; 10. Logging and Monitoring,F10: No audit trail or alerting for privileged staff actions,MISSED,,,
gs-02-aws-landing-zone,prediction,1,agent,CRITICAL,5.1 IAM Identity Center,issue: IAM Identity Center does not enforce MFA for administrative access. recommendation: Configure MFA settings in IAM Identity Center to require phishing-resistant factors for administrative access.,TRAP,MUST-NOT-FLAG: MFA not enforced for workforce access through IAM Identity Center,The reported finding specifically mentions IAM Identity Center and the lack of MFA enforcement for administrative access. Candidate C7 directly addresses the same issue: MFA not being enforced for workforce access through IAM Identity Center.,
gs-02-aws-landing-zone,prediction,2,agent,CRITICAL,5.1 IAM Identity Center,issue: Wildcard permissions are assigned to workloads. recommendation: Re-evaluate the permission sets and consider assigning only the required permissions for the function.,correct,"Data lake ETL role trusts every principal in the organisation, including sandbox administrators","The reported finding specifically mentions ""wildcard permissions are assigned to workloads,"" which aligns with candidate C7's description of the `datalake-etl` role trusting every principal in the organization and granting broad access to the data lake. This represents a similar weakness of overly permissive access controls.",
gs-02-aws-landing-zone,prediction,3,rules_engine,CRITICAL,5.1 IAM Identity Center,"issue: Wildcard IAM permissions or a broad managed admin role is granted to workloads. recommendation: Replace wildcard grants with least-privilege policies scoped to the specific actions and resource ARNs the workload needs, generated from observed access and reviewed quarterly.",correct,Break-glass admin IAM users without MFA and with passwords shared across 25 people,"The reported finding specifically addresses the issue of overly permissive IAM permissions granted to workloads. Candidate C2 also describes overly permissive IAM permissions (specifically, break-glass admin users with AdministratorAccess), making it a direct match.",
gs-02-aws-landing-zone,prediction,4,rules_engine,CRITICAL,5.2 Break-glass access,"issue: Wildcard IAM permissions or a broad managed admin role is granted to workloads. recommendation: Replace wildcard grants with least-privilege policies scoped to the specific actions and resource ARNs the workload needs, generated from observed access and reviewed quarterly.",correct,Third-party SaaS vendor holds standing AdministratorAccess in every member account,"The reported finding specifically addresses the issue of overly permissive IAM permissions granted to workloads, which directly aligns with candidate C5, which describes a third-party vendor holding broad AdministratorAccess across all accounts. Both findings highlight the risk of excessive privileges and the potential for compromise due to overly broad access.",
gs-02-aws-landing-zone,prediction,5,rules_engine,CRITICAL,5.3 Third-party access,"issue: Wildcard IAM permissions or a broad managed admin role is granted to workloads. recommendation: Replace wildcard grants with least-privilege policies scoped to the specific actions and resource ARNs the workload needs, generated from observed access and reviewed quarterly.",correct,Third-party SaaS vendor holds standing AdministratorAccess in every member account,"The reported finding specifically addresses overly permissive IAM permissions granted to workloads, allowing broad access. Candidate C6 directly mirrors this issue by describing a third-party vendor holding standing AdministratorAccess in every member account, which constitutes a significant overgrant of permissions.",
gs-02-aws-landing-zone,prediction,6,rules_engine,CRITICAL,5.2 Break-glass access,"issue: Privileged or administrative access is described without multi-factor authentication. recommendation: Enforce phishing-resistant MFA (FIDO2 or certificate-based) for every administrative session, brokered through PAM with session recording and just-in-time elevation.",correct,Break-glass admin IAM users without MFA and with passwords shared across 25 people,"The reported finding specifically addresses the lack of multi-factor authentication (MFA) for privileged access, particularly in a 'break-glass' scenario. Candidate C4 directly mirrors this concern by highlighting break-glass admin IAM users lacking MFA and sharing passwords, which aligns with the finding's focus on privileged access without MFA.",
gs-02-aws-landing-zone,prediction,7,agent,HIGH,5.3 Third-party access,"issue: The CostwiseAutomation role has AdministratorAccess policy, which is a broad managed admin role. recommendation: Replace AdministratorAccess policy with least-privilege policies scoped to specific actions and resource identifiers.",correct,Third-party SaaS vendor holds standing AdministratorAccess in every member account,"The reported finding specifically mentions the CostwiseAutomation role having AdministratorAccess, which is directly addressed by candidate C7, which also describes a third-party vendor having AdministratorAccess in multiple accounts.",
gs-02-aws-landing-zone,prediction,8,agent,HIGH,6. Network Architecture,"issue: The design does not encrypt on-premises connectivity, violating [cloud-data-protection-standard.md §3.2]. recommendation: Implement IPsec overlay for on-premises connectivity.",TRAP,MUST-NOT-FLAG: Direct Connect traffic to on-premises is unencrypted,The reported finding specifically mentions unencrypted on-premises connectivity via Direct Connect and recommends an IPsec overlay. Candidate C5 directly addresses this same issue of unencrypted Direct Connect traffic.,
gs-02-aws-landing-zone,prediction,9,agent,HIGH,6. Network Architecture,"issue: The design does not enforce inspection of spoke-to-spoke traffic, violating [cloud-landing-zone-standard.md §5.1]. recommendation: Implement a centralised inspection VPC and configure spoke VPCs to route traffic through it.",correct,"Single Transit Gateway route table gives any-to-any routing between sandbox, non-prod, prod and on-premises","The reported finding specifically addresses the lack of inspection for spoke-to-spoke traffic and the absence of a centralized inspection VPC, which directly aligns with the description in candidate C1 regarding uninspected east-west traffic and the lack of network segmentation.",
gs-02-aws-landing-zone,prediction,10,agent,HIGH,7. Internet Egress and Inspection,"issue: The design allows spoke-to-spoke traffic to bypass inspection, violating [cloud-landing-zone-standard.md §5.1] Network topology. recommendation: Implement inspection for spoke-to-spoke traffic, either by routing through the inspection VPC or using a different architecture.",correct,"Single Transit Gateway route table gives any-to-any routing between sandbox, non-prod, prod and on-premises","The reported finding specifically mentions spoke-to-spoke traffic bypassing inspection and a violation of network topology, which aligns directly with candidate C2's description of any-to-any routing between environments without inspection.",
gs-02-aws-landing-zone,prediction,11,agent,HIGH,10. Data Lake Account,"issue: The datalake-etl role has read and write access to all zones, violating the requirement for least-privilege policies scoped to specific actions and resource identifiers. recommendation: Revoke the datalake-etl role's access to all zones and re-grant it only the necessary permissions for each zone.",correct,"Data lake ETL role trusts every principal in the organisation, including sandbox administrators","The reported finding specifically mentions the `datalake-etl` role having excessive read and write access to all data lake zones, violating the principle of least privilege. Candidate C1 directly addresses this issue by highlighting the role's broad permissions and the potential for developers to exploit them.",
gs-02-aws-landing-zone,prediction,12,agent,HIGH,11. Encryption and Key Management,"issue: The design does not describe a defined cryptoperiod for key classes, which is required by [cryptography-key-management-standard.md §5.2]. recommendation: Define a cryptoperiod for key classes and ensure rotation mechanisms are in place.",TRAP,MUST-NOT-FLAG: Direct Connect traffic to on-premises is unencrypted,"The reported finding specifically addresses the lack of defined cryptoperiods and rotation mechanisms for key classes, which relates to encryption key management. Candidate C1, concerning unencrypted Direct Connect traffic, also involves a failure to encrypt data in transit, aligning with the core issue of inadequate encryption practices.",
gs-02-aws-landing-zone,prediction,13,agent,HIGH,11. Encryption and Key Management,"issue: The design does not describe a key recovery or escrow procedure, which is required by [cryptography-key-management-standard.md §5.2]. recommendation: Implement a key recovery or escrow procedure.",unmatched,,"The reported finding specifically addresses the lack of a key recovery or escrow procedure, which is a critical aspect of encryption key management. Candidate C1, involving shared medical claim files without access control, doesn't relate to key management or recovery; it's an access control issue.",
gs-02-aws-landing-zone,prediction,14,agent,HIGH,5.2 Break-glass access,"issue: Break-glass access does not use phishing-resistant MFA, violating [identity-access-standard.md §2.1] Multi-factor authentication Requirement: Administrative and privileged access MUST use phishing-resistant factors — FIDO2 security keys, platform passkeys, or certificate-based authentication. recommendation: Enable phishing-resistant MFA for break-glass users, e.g. using FIDO2 security keys or platform passkeys.",correct,Break-glass admin IAM users without MFA and with passwords shared across 25 people,"The reported finding specifically addresses the lack of phishing-resistant MFA for break-glass access, and candidate C1 directly describes break-glass admin IAM users lacking MFA and having shared passwords, which aligns with this weakness.",
gs-02-aws-landing-zone,prediction,15,agent,HIGH,9. Security Tooling and Monitoring,"issue: Administrators connect to production from general-purpose workstations. recommendation: Broker administrative sessions through a privileged access management solution with session recording, or originate from a dedicated privileged access workstation.",correct,Break-glass admin IAM users without MFA and with passwords shared across 25 people,"The reported finding specifically addresses the risk of administrators connecting to production systems from general-purpose workstations and recommends using a privileged access management (PAM) solution. Candidate C6 also highlights a significant issue with break-glass admin users lacking MFA and having shared passwords, which directly relates to the broader concern of uncontrolled privileged access.",
gs-02-aws-landing-zone,prediction,16,agent,HIGH,4. Service Control Policies,"issue: The SCP DenyAll does not terminate in an explicit deny-all rule with logging enabled, violating segmentation-standard.md §4.2. recommendation: Replace DenyAll with an explicit deny-all rule with logging enabled.",unmatched,,"The reported finding specifically addresses the configuration of Service Control Policies (SCPs), focusing on the 'DenyAll' rule and the lack of explicit logging. None of the other candidate issues relate to SCP configuration or the specific 'DenyAll' rule requirement.",
gs-02-aws-landing-zone,prediction,17,correlation,HIGH,Cross-domain,"issue: The application design does not enforce least-privilege policies, but the cloud design allows the datalake-etl role to have read and write access to all zones, violating [cloud-data-protection-standard.md §5.2] Third-party data sharing. recommendation: Implement least-privilege policies in the application design.",correct,"Data lake ETL role trusts every principal in the organisation, including sandbox administrators","The reported finding specifically highlights the datalake-etl role having excessive permissions (read/write access to all zones) and violating least-privilege principles, which directly aligns with candidate C5's description of the same role trusting every principal and having broad access to the data lake zones.",
gs-02-aws-landing-zone,prediction,18,correlation,HIGH,Cross-domain,"issue: The network design does not encrypt on-premises connectivity, but the cloud design does not enforce inspection of spoke-to-spoke traffic, violating [cloud-data-protection-standard.md §3.2]. recommendation: Implement encryption of on-premises connectivity in the network design.",correct,"Single Transit Gateway route table gives any-to-any routing between sandbox, non-prod, prod and on-premises | MUST-NOT-FLAG: Direct Connect traffic to on-premises is unencrypted","The reported finding specifically mentions unencrypted on-premises connectivity, which directly aligns with candidate C4's description of Direct Connect traffic to on-premises being unencrypted. The finding also references a lack of inspection of spoke-to-spoke traffic, which is also a consequence of the single Transit Gateway route table described in C3.",
gs-02-aws-landing-zone,prediction,19,correlation,HIGH,Cross-domain,"issue: The network design does not enforce inspection of spoke-to-spoke traffic, but the cloud design allows it to bypass inspection, violating [cloud-landing-zone-standard.md §5.1]. recommendation: Implement inspection of spoke-to-spoke traffic in the network design.",correct,"Single Transit Gateway route table gives any-to-any routing between sandbox, non-prod, prod and on-premises","The reported finding specifically addresses the lack of inspection for traffic flowing between VPCs (spoke-to-spoke traffic). Candidate C2 directly describes a scenario where traffic between different environments (sandbox, non-prod, prod, and on-premises) traverses a single Transit Gateway route table without inspection, thus bypassing any potential security controls.",
gs-02-aws-landing-zone,prediction,20,correlation,HIGH,Cross-domain,"issue: The security design does not describe a defined cryptoperiod for key classes, but the cloud design does not describe a defined cryptoperiod for key classes, which is required by [cryptography-key-management-standard.md §5.2]. recommendation: Implement a defined cryptoperiod for key classes in the security design.",correct,"Data lake ETL role trusts every principal in the organisation, including sandbox administrators","The reported finding specifically addresses the lack of defined cryptoperiods for key classes, which relates to key management and security design. Candidate C7 also describes a security weakness related to overly permissive access and trust policies for a role that handles sensitive data, which is a key management concern.",
gs-02-aws-landing-zone,prediction,21,rules_engine,HIGH,11. Encryption and Key Management,"issue: Encryption keys have no defined custody, rotation or escrow model. recommendation: Store keys in an HSM or managed KMS with dual control, define a rotation period per key class, separate key custodians from data administrators, and document the recovery procedure.",unmatched,,"The reported finding specifically addresses the lack of defined key management practices (custody, rotation, escrow) for encryption keys. Candidate C1 describes a data sharing issue without access control, which is unrelated to key management.",
gs-02-aws-landing-zone,prediction,22,agent,MEDIUM,8. Centralised Logging,"issue: The log buckets use S3 Object Lock in compliance mode, but the retention period is not tied to a business or regulatory requirement, violating [cloud-data-protection-standard.md §4.1]. recommendation: Define a retention period tied to a business or regulatory requirement and automate disposal at the end of it.",correct,"Data lake ETL role trusts every principal in the organisation, including sandbox administrators","The reported finding specifically addresses the lack of alignment between S3 Object Lock retention periods and business/regulatory requirements, highlighting a data protection standard violation. Candidate C3 also describes a significant data access control issue related to the data lake ETL role, which could lead to data retention beyond necessary periods and a lack of proper governance.",
gs-02-aws-landing-zone,prediction,23,agent,MEDIUM,2. Design Principles,"issue: The design relies on FIDO2 security-key MFA for privileged access, but does not explicitly state that administrative access also uses MFA. recommendation: Explicitly state that administrative access also uses FIDO2 security-key MFA.",correct,Break-glass admin IAM users without MFA and with passwords shared across 25 people,"The reported finding specifically addresses the lack of explicit MFA enforcement for administrative access, mirroring the issue described in candidate C6 regarding break-glass admin IAM users lacking MFA. Both highlight a deficiency in MFA implementation for privileged accounts.",
gs-02-aws-landing-zone,prediction,24,agent,MEDIUM,5.1 IAM Identity Center,issue: Permissions are assigned to groups rather than individual users. recommendation: Consider assigning permissions to individual users instead of groups.,TRAP,MUST-NOT-FLAG: MFA not enforced for workforce access through IAM Identity Center,"The reported finding concerns the practice of assigning permissions to groups rather than individual users, which increases the risk of overly broad access. Candidate C6 also highlights a deficiency in access control within IAM Identity Center by noting that MFA is not enforced for workforce access, which is a related issue of overly permissive access.",
gs-02-aws-landing-zone,prediction,25,agent,MEDIUM,5.2 Break-glass access,"issue: Break-glass access credentials are stored in a shared vault folder accessible by 25 team members, violating [identity-access-standard.md §6.1] Break-glass Requirement: Break-glass accounts MUST have vaulted credentials split under dual control. recommendation: Split break-glass access credentials under dual control, e.g. using AWS IAM password policy to require two approvers for password changes.",correct,Break-glass admin IAM users without MFA and with passwords shared across 25 people,"The reported finding specifically addresses break-glass access credentials being stored in a shared vault folder with broad access and lack of dual control, which directly aligns with candidate C1's description of break-glass admin IAM users sharing passwords and lacking MFA.",
gs-02-aws-landing-zone,prediction,26,rules_engine,MEDIUM,Whole document,"issue: No dependency, container or supply-chain scanning is described in the pipeline. recommendation: Add SCA and container image scanning as blocking pipeline gates, publish an SBOM per release, and fail the build on new critical CVEs in direct dependencies.",correct,"Data lake ETL role trusts every principal in the organisation, including sandbox administrators","The reported finding focuses on the lack of security scanning (SCA, container scanning, SBOM generation, CVE checks) within the build pipeline. Candidate C7 describes a scenario where developers in sandbox accounts can create roles that assume a data lake ETL role, potentially introducing vulnerabilities and dependencies that would benefit from the scanning practices mentioned in the reported finding.",
gs-02-aws-landing-zone,prediction,27,agent,MEDIUM,Harbourline Mutual - AWS Landing Zone Design,issue: Unspecified issue. recommendation: Remediation not specified by the reviewer; requires architect input.,correct,"Data OU holding the data lake has no SCP guardrails (region, root, baseline protection)","The reported finding mentions an unspecified issue requiring architect input, but the detail in candidate C1 about the Data OU lacking SCP guardrails and not being listed in the attachment table directly aligns with a critical gap in security controls and necessitates architectural review. The finding's need for architect input strongly suggests a design or configuration oversight, which C1 describes.",
gs-02-aws-landing-zone,prediction,28,agent,MEDIUM,1. Purpose and Scope,issue: Unspecified issue. recommendation: Remediation not specified by the reviewer; requires architect input.,correct,"Data lake ETL role trusts every principal in the organisation, including sandbox administrators","The reported finding mentions an unspecified issue requiring architect input, and candidate C1 describes a significant trust policy issue with the datalake-etl role granting excessive permissions to a wide range of principals, which would necessitate architect review to understand the design intent and potential risks.",
gs-02-aws-landing-zone,prediction,29,rules_engine,MEDIUM,Document (completeness),"issue: The design does not state where its trust boundaries lie. Controls are only meaningful relative to a boundary, so authentication placement, filtering and encryption requirements cannot be judged. recommendation: Mark the trust boundaries on the architecture diagram and state, for each boundary crossing, what authenticates and what is filtered.",TRAP,MUST-NOT-FLAG: Direct Connect traffic to on-premises is unencrypted,"The reported finding highlights the lack of defined trust boundaries, which directly impacts the assessment of security controls. Candidate C1, regarding unencrypted Direct Connect traffic, represents a boundary crossing where the lack of encryption exposes a vulnerability due to the absence of a clearly defined trust relationship and its associated security requirements.",
gs-02-aws-landing-zone,prediction,30,rules_engine,MEDIUM,Whole document,"issue: No threat model or documented attack-surface analysis accompanies the design. recommendation: Produce a STRIDE or equivalent threat model covering every trust boundary in the design, with mitigations traced to specific controls and residual risks accepted by a named owner.",correct,Break-glass admin IAM users without MFA and with passwords shared across 25 people,"The reported finding highlights the lack of a threat model and attack surface analysis, which directly relates to the absence of proactive security considerations and risk mitigation. Candidate C3, concerning break-glass admin users without MFA and shared passwords, exemplifies a significant security vulnerability stemming from a failure to adequately consider and mitigate potential threats.",
gs-02-aws-landing-zone,prediction,31,rules_engine,LOW,Document (completeness),issue: The design does not state availability targets or a recovery approach. Single points of failure cannot be identified. recommendation: State the availability target (RTO/RPO if applicable) and the redundancy or failover approach for each tier.,correct,"Single Transit Gateway route table gives any-to-any routing between sandbox, non-prod, prod and on-premises","The reported finding concerns the lack of stated availability targets and recovery approaches, implying a potential for single points of failure and a lack of redundancy. Candidate C2 also highlights a significant architectural flaw – a single Transit Gateway route table enabling unrestricted routing between environments, which directly creates single points of failure and a lack of segmentation.",
gs-02-aws-landing-zone,missed_expected,,,MEDIUM,7. Internet Egress and Inspection,"F6: Central WAF runs in count mode, so public applications have no blocking protection",MISSED,,,
gs-02-aws-landing-zone,missed_expected,,,MEDIUM,9. Security Tooling and Monitoring,F7: Security findings reviewed weekly with no real-time alerting,MISSED,,,
gs-03-fhir-integration,prediction,1,agent,CRITICAL,3.3 FHIR API,"issue: The FHIR API exposes read-only endpoints without authentication, violating [application-security-standard.md §3.1] Authentication coverage. recommendation: Implement authentication for the FHIR API endpoints, following the compliant pattern in the standard.",TRAP,MUST-NOT-FLAG: Patient-token requests to the FHIR API lack per-patient access control,"The reported finding specifically mentions FHIR API endpoints lacking authentication, which directly relates to the lack of per-patient access control in the FHIR API as described in candidate C2. While C1, C3, C4, C5, C6, and C7 all describe security vulnerabilities, they do not pertain to the FHIR API's authentication issue.",
gs-03-fhir-integration,prediction,2,agent,CRITICAL,Clinical Integration Platform - High-Level Design,"issue: The internal reporting API has no authentication, violating [application-security-standard.md §3.1] Authentication coverage. recommendation: Implement authentication for the internal reporting API, using a validated OAuth 2.0 access token.",correct,Clinician access to patient records cannot be attributed in the audit trail,"The reported finding specifically mentions the lack of authentication for the internal reporting API and recommends OAuth 2.0 implementation. Candidate C1 describes a similar issue where the audit trail lacks proper user attribution due to the Results Viewer using client credentials instead of user tokens, effectively masking individual clinician actions.",
gs-03-fhir-integration,prediction,3,agent,HIGH,4.1 My Health patient app,issue: The access token lifetime exceeds the maximum allowed by [application-security-standard.md §3.4] Token handling. recommendation: Reduce the access token lifetime to 15 minutes or less.,correct,Patient app accounts are password-only with no MFA or lockout,"The reported finding specifically addresses the access token lifetime in the My Health patient app, which directly relates to credential management and authentication. Candidate C4 also describes a weakness in the My Health patient app's account security, specifically the lack of MFA and password-only authentication, which is a related credential management issue.",
gs-03-fhir-integration,prediction,4,agent,HIGH,4.2 Results Viewer,"issue: The token is described as long-lived, as it is used for all FHIR queries made on behalf of signed-in clinicians. recommendation: Rotate the token on every use to limit its lifetime to 15 minutes.",correct,Clinician access to patient records cannot be attributed in the audit trail,"The reported finding focuses on the lack of attribution of clinician access due to the use of a client-credentials token, which results in all queries appearing as the Results Viewer rather than a named user. Candidate C1 directly addresses this issue of missing clinician attribution in the audit trail.",
gs-03-fhir-integration,prediction,5,agent,HIGH,3.4 Clinical data repository,"issue: The CDR loader has write access to the PostgreSQL database, which could allow for potential SQL injection attacks. recommendation: Use parameterised queries or an ORM's binding API to prevent SQL injection.",correct,Single shared RabbitMQ account with full rights used by all producers and third-party consumers,"The reported finding specifically mentions the CDR loader's write access to the PostgreSQL database and the risk of SQL injection. Candidate C4 also describes a shared account with write permissions used by multiple components, which could be exploited to inject malicious SQL queries into the database, mirroring the reported vulnerability.",
gs-03-fhir-integration,prediction,6,agent,HIGH,7. Data Protection,"issue: The design does not describe a defined cryptoperiod for data-encryption keys, which MUST rotate at least annually. recommendation: Implement a key rotation mechanism that does not require an outage, and document the rotation schedule.",correct,No encryption at rest specified for the clinical data repository,"The reported finding specifically addresses the lack of a defined cryptoperiod and key rotation mechanism for data encryption keys. Candidate C6 also highlights a lack of encryption at rest for the clinical data repository, which directly relates to the management and rotation of encryption keys to protect PHI.",
gs-03-fhir-integration,prediction,7,agent,HIGH,7. Data Protection,"issue: The design does not describe a key recovery or escrow procedure, which is required for an unrecoverable key. recommendation: Implement a key recovery or escrow procedure to ensure that keys can be recovered in case of a loss.",correct,No encryption at rest specified for the clinical data repository,"The reported finding specifically addresses the lack of a key recovery or escrow procedure for unrecoverable keys, which is a critical aspect of data protection. Candidate C7 also discusses encryption and key management, specifically highlighting the absence of encryption at rest and the need for key management practices, making it the closest match.",
gs-03-fhir-integration,prediction,8,correlation,HIGH,Cross-domain,"issue: The network design describes a flat network with four VLANs, which is a non-compliant pattern. This contradicts the application architecture, which does not constrain server-to-server traffic within a zone with micro-segmentation. recommendation: Implement micro-segmentation to constrain server-to-server traffic within a zone.",correct,Single shared RabbitMQ account with full rights used by all producers and third-party consumers,"The reported finding focuses on the lack of network segmentation (micro-segmentation) and the resulting uncontrolled server-to-server traffic. Candidate C4 describes a similar lack of segmentation and control, as it highlights a single shared account granting broad permissions across a messaging system, enabling unauthorized access and manipulation of PHI messages.",
gs-03-fhir-integration,prediction,9,correlation,HIGH,Cross-domain,"issue: The network design does not constrain server-to-server traffic within a zone with micro-segmentation, as required by [segmentation-standard.md §3.2]. This contradicts the application architecture, which does not constrain server-to-server traffic within a zone with micro-segmentation. recommendation: Implement micro-segmentation to constrain server-to-server traffic within a zone.",correct,Single shared RabbitMQ account with full rights used by all producers and third-party consumers,"The reported finding specifically addresses the lack of micro-segmentation for server-to-server traffic, which allows unrestricted communication between servers within a zone. Candidate C4 describes a shared RabbitMQ account granting broad permissions to producers and consumers, effectively enabling unrestricted communication and data access, mirroring the core issue of the finding.",
gs-03-fhir-integration,prediction,10,correlation,HIGH,Cross-domain,"issue: The network design states that intra-zone traffic is unrestricted because it is all internal, which is a non-compliant pattern. This contradicts the application architecture, which does not constrain server-to-server traffic within a zone with micro-segmentation. recommendation: Implement micro-segmentation to constrain server-to-server traffic within a zone.",correct,Single shared RabbitMQ account with full rights used by all producers and third-party consumers,"The reported finding focuses on the lack of micro-segmentation and unrestricted intra-zone traffic, which allows unauthorized server-to-server communication. Candidate C5 describes a similar weakness: a single shared account granting excessive permissions across multiple components and third parties, enabling unauthorized access and potential data manipulation.",
gs-03-fhir-integration,prediction,11,agent,HIGH,10. Availability and Recovery,"issue: The backups are stored off-site, but the standard requires immutability, object lock, or an offline copy to prevent ransomware operators from destroying the backup. recommendation: Implement immutability, object lock, or an offline copy of the backups to ensure their integrity.",TRAP,MUST-NOT-FLAG: PHI backups sent to a third-party provider unprotected,"The reported finding specifically addresses the lack of immutability or object lock on backups, which directly relates to protecting backups from ransomware and ensuring their integrity. Candidate C1 highlights unprotected PHI backups sent to a third-party provider, which is a similar concern about backup security and integrity.",
gs-03-fhir-integration,prediction,12,agent,HIGH,4.3 Vendor support access,"issue: The design does not place the integration engine in a dedicated zone with an explicit flow matrix, as required by [segmentation-standard.md §5.2]. recommendation: Place the integration engine in a dedicated zone with an explicit flow matrix, and ensure that third-party connections terminate there.",correct,Integration engine admin console published to the internet with a shared built-in vendor account,"The reported finding specifically addresses the lack of network segmentation and controlled access for the integration engine, which aligns with the issue described in candidate C6 regarding the integration engine's admin console being exposed with shared credentials and lacking proper access controls.",
gs-03-fhir-integration,prediction,13,agent,HIGH,6. Network Design,"issue: The design describes a flat network with four VLANs, which is a non-compliant pattern. recommendation: Implement a compliant pattern with separate VLANs for each tier (Web, App, Data) and inter-zone traffic inspected by the internal firewall pair.",correct,Single shared RabbitMQ account with full rights used by all producers and third-party consumers,"The reported finding concerns a network design issue - specifically a flat network architecture lacking proper segmentation and inspection of inter-zone traffic. Candidate C3 also describes a lack of proper segmentation and access control within the integration platform's messaging infrastructure, making it vulnerable to unauthorized access and manipulation of PHI.",
gs-03-fhir-integration,prediction,14,agent,HIGH,6. Network Design,"issue: The design states that intra-zone traffic is unrestricted because it is all internal, which is a non-compliant pattern. recommendation: Implement east-west controls to constrain intra-zone traffic, and reference the Zero Trust Architecture Standard §2.1.",TRAP,MUST-NOT-FLAG: Patient-token requests to the FHIR API lack per-patient access control,"The reported finding concerns unrestricted intra-zone traffic, highlighting a lack of east-west controls and a deviation from a Zero Trust Architecture. Candidate C1, regarding the lack of per-patient access control for FHIR API requests, also points to a similar weakness: a lack of granular access controls and a failure to enforce the principle of least privilege.",
gs-03-fhir-integration,prediction,15,rules_engine,HIGH,3.2 Processing and distribution,"issue: Sensitive or regulated data is handled without a stated classification, residency constraint or retention period. recommendation: Record the classification of every data set the system holds, the jurisdictions it may reside in, the lawful retention period, and the disposal method. Route regulated data only through services approved for that classification.",correct,Daily identifiable lab result exports on a file share readable by all domain users,"The reported finding highlights the lack of data classification, residency constraints, retention periods, and approved routing for sensitive data. Candidate C1 directly describes a scenario where identifiable lab results are stored on a file share with broad access, lacking any stated classification, retention period, or approved routing, thus aligning with the finding's core concern.",
gs-03-fhir-integration,prediction,16,rules_engine,HIGH,10. Availability and Recovery,"issue: Backups are described without immutability, offline copy, or a tested restore. recommendation: Hold at least one immutable or air-gapped copy outside the production identity domain, and test restore at defined intervals with the result recorded against the stated RTO/RPO.",TRAP,MUST-NOT-FLAG: PHI backups sent to a third-party provider unprotected,"The reported finding focuses on the lack of immutability, offline copies, and tested restores for backups, highlighting a weakness in data protection and recovery procedures. Candidate C3, which describes PHI backups sent to a third-party provider unprotected, directly addresses this same weakness in backup security.",
gs-03-fhir-integration,prediction,17,rules_engine,HIGH,7. Data Protection,"issue: Encryption keys have no defined custody, rotation or escrow model. recommendation: Store keys in an HSM or managed KMS with dual control, define a rotation period per key class, separate key custodians from data administrators, and document the recovery procedure.",correct,No encryption at rest specified for the clinical data repository,"The reported finding specifically addresses the lack of a defined key management model, particularly concerning encryption keys. Candidate C6 also highlights a critical lack of encryption at rest, directly relating to the management and protection of encryption keys used to secure PHI.",
gs-03-fhir-integration,prediction,18,agent,MEDIUM,5. Identity and Authorisation,"issue: The application uses SAML for authentication, but the design does not mention using OIDC, which is required by [application-security-standard.md §3.2]. recommendation: Use OIDC for authentication instead of SAML.",correct,Clinician access to patient records cannot be attributed in the audit trail,"The reported finding concerns the lack of proper user attribution during authentication, specifically highlighting that access is being recorded as the application's client ID rather than the individual user. Candidate C1 describes a similar issue where clinician access is not attributed in the audit trail due to the Results Viewer using client credentials.",
gs-03-fhir-integration,prediction,19,agent,MEDIUM,8. Environments,"issue: The test environment mirrors production at a smaller scale, but it does not explicitly state that production data is not copied into it, violating [secure-sdlc-standard.md §5.1] Environment separation. recommendation: Ensure that production data is not copied into the test environment, and implement a mechanism to prevent this.",correct,Integration engine keeps full PHI message payloads indefinitely,"The reported finding specifically addresses the issue of production data being copied into the test environment, violating environment separation. Candidate C1 describes a secondary copy of PHI being stored outside the CDR, which is a form of data duplication and a related environment separation concern.",
gs-03-fhir-integration,prediction,20,agent,MEDIUM,7. Data Protection,"issue: The design uses TLS 1.2, which is the minimum permitted version, but does not specify whether it is using TLS 1.3, which is preferred. recommendation: Specify whether TLS 1.3 is used, and ensure that it is properly configured.",correct,No encryption at rest specified for the clinical data repository,"The reported finding concerns the use of TLS versions and the potential benefit of using TLS 1.3. Candidate C7 also addresses encryption, specifically the lack of encryption at rest for the clinical data repository, which is a related security control.",
gs-03-fhir-integration,prediction,21,agent,MEDIUM,9. Logging and Audit,"issue: The design does not log privilege escalation and role assignment changes, which is a requirement of the Mandatory event set. recommendation: Update the design to include privilege escalation and role assignment changes in the mandatory event set.",correct,Clinician access to patient records cannot be attributed in the audit trail,"The reported finding specifically mentions the lack of logging for privilege escalation and role assignment changes, which directly relates to user access control and management. Candidate C2 also describes a deficiency in attributing clinician access to patient records, highlighting a similar weakness in the audit trail's ability to track user actions and identify responsible parties.",
gs-03-fhir-integration,prediction,22,agent,MEDIUM,9. Logging and Audit,"issue: The design does not specify the retention period for security logs, which is a requirement of the Logging, Monitoring and Detection Standard. recommendation: Update the design to specify a retention period of at least 12 months, with the most recent 90 days immediately searchable, as per the Logging, Monitoring and Detection Standard.",correct,Integration engine keeps full PHI message payloads indefinitely,"The reported finding specifically addresses the lack of a defined retention period for security logs, which implies indefinite storage and potential compliance issues. Candidate C7 also highlights indefinite storage of PHI message payloads, indicating a similar weakness regarding data retention and lifecycle management.",
gs-03-fhir-integration,prediction,23,agent,MEDIUM,2. Architecture Overview,"issue: The design does not describe any east-west controls, which is a requirement for server-to-server traffic within a zone (Segmentation Standard §3.2). recommendation: Implement micro-segmentation for workloads supporting differing applications within the data centre.",correct,Integration engine admin console published to the internet with a shared built-in vendor account,"The reported finding specifically addresses the lack of east-west controls and micro-segmentation for server-to-server traffic within a zone. Candidate C6, regarding the integration engine admin console published to the internet, highlights a similar lack of segmentation and control over access to a critical component, making it the closest match.",
gs-03-fhir-integration,prediction,24,correlation,MEDIUM,Cross-domain,"issue: The network design does not describe any east-west controls, which is a requirement for server-to-server traffic within a zone (Segmentation Standard §3.2). This contradicts the application architecture, which does not constrain server-to-server traffic within a zone with micro-segmentation. recommendation: Implement east-west controls to constrain server-to-server traffic within a zone.",correct,Single shared RabbitMQ account with full rights used by all producers and third-party consumers,"The reported finding concerns a lack of east-west controls, specifically the absence of micro-segmentation to constrain server-to-server traffic within a zone. Candidate C7 describes a single shared account with broad permissions used by multiple producers and consumers, effectively lacking segmentation and control over message flow, which aligns with the finding's concern about uncontrolled traffic.",
gs-03-fhir-integration,prediction,25,correlation,MEDIUM,Cross-domain,"issue: The network design does not state the trust relationship between the DMZ and the application zone, as required by [segmentation-standard.md §2.1]. This contradicts the application architecture, which does not constrain server-to-server traffic within a zone with micro-segmentation. recommendation: Implement micro-segmentation to constrain server-to-server traffic within a zone.",correct,Single shared RabbitMQ account with full rights used by all producers and third-party consumers,"The reported finding concerns the lack of network segmentation and the absence of micro-segmentation to constrain traffic between zones. Candidate C5, regarding the shared RabbitMQ account, also highlights a lack of segmentation and overly permissive access controls, creating a similar weakness regarding uncontrolled data flow and potential compromise.",
gs-03-fhir-integration,prediction,26,agent,MEDIUM,3.2 Processing and distribution,"issue: The RabbitMQ exchange is not mentioned in the retrieved standards as a valid message distribution mechanism, potentially violating [cloud-landing-zone-standard.md §6.1] Infrastructure as code. recommendation: Replace RabbitMQ with a cloud-managed message broker provisioned by IaC.",correct,Single shared RabbitMQ account with full rights used by all producers and third-party consumers,"The reported finding specifically highlights a security risk related to the use of RabbitMQ and the lack of proper access controls, which directly aligns with the issue described in candidate C3 regarding a single shared RabbitMQ account with excessive permissions.",
gs-03-fhir-integration,prediction,27,agent,MEDIUM,3.1 Inbound feeds,"issue: The design does not constrain server-to-server traffic within a zone with micro-segmentation, as required by [segmentation-standard.md §3.2]. recommendation: Implement micro-segmentation for the integration VLAN to constrain server-to-server traffic.",correct,Single shared RabbitMQ account with full rights used by all producers and third-party consumers,"The reported finding concerns the lack of micro-segmentation to constrain server-to-server traffic, which relates to access control and data flow limitations. Candidate C3 describes a single shared account with broad permissions, effectively negating access controls and enabling unauthorized data access, mirroring the finding's concern about uncontrolled traffic and access.",
gs-03-fhir-integration,prediction,28,agent,MEDIUM,4.3 Vendor support access,"issue: The design does not state the trust relationship between the DMZ and the application zone, as required by [segmentation-standard.md §2.1]. recommendation: State the trust relationship between the DMZ and the application zone.",correct,Integration engine admin console published to the internet with a shared built-in vendor account,"The reported finding concerns the lack of a defined trust relationship between network zones (DMZ and application zone), which implies a potential security boundary weakness. Candidate C6, regarding the integration engine admin console published to the internet with a shared vendor account, also highlights a similar boundary weakness and lack of proper trust/access control between zones.",
gs-03-fhir-integration,prediction,29,agent,MEDIUM,6. Network Design,"issue: The flow matrix is incomplete, as it does not list all permitted flows. recommendation: Complete the flow matrix to include all permitted flows, and ensure that the firewall policy can be reviewed and reproduced.",correct,Single shared RabbitMQ account with full rights used by all producers and third-party consumers,"The reported finding focuses on the completeness of flow matrices and the ability to review and reproduce firewall policies, which relates to data flow control and access. Candidate C2 also describes a significant control weakness (shared RabbitMQ account with excessive permissions) that allows unauthorized access to PHI messages, directly impacting data flow and access control.",
gs-03-fhir-integration,prediction,30,agent,MEDIUM,1. Purpose and Scope,issue: Unspecified issue. recommendation: Remediation not specified by the reviewer; requires architect input.,TRAP,MUST-NOT-FLAG: Patient-token requests to the FHIR API lack per-patient access control,"The reported finding mentions an unspecified issue requiring architect input, which aligns with C1's description of a lack of per-patient access control in FHIR API requests. The finding's need for architect input suggests a gap in defined controls, mirroring C1's lack of access control.",
gs-03-fhir-integration,prediction,31,rules_engine,MEDIUM,Document (completeness),"issue: The design does not classify the data it handles. Retention, residency, encryption strength and access-logging requirements all derive from classification, so none of them can be checked. recommendation: State, per data store and per flow, the classification of the data held or carried (for example Public / Internal / Confidential / PHI).",correct,Integration engine keeps full PHI message payloads indefinitely,"The reported finding specifically highlights the lack of data classification, which directly impacts retention, residency, encryption, and access logging. Candidate C1 describes indefinite storage of full PHI message payloads without defined retention or pruning, directly relating to the missing data classification and its consequences.",
gs-03-fhir-integration,prediction,32,rules_engine,MEDIUM,Whole document,"issue: No threat model or documented attack-surface analysis accompanies the design. recommendation: Produce a STRIDE or equivalent threat model covering every trust boundary in the design, with mitigations traced to specific controls and residual risks accepted by a named owner.",correct,Daily identifiable lab result exports on a file share readable by all domain users,"The reported finding specifically calls out the lack of a threat model and attack surface analysis, particularly concerning trust boundaries and mitigations. Candidate C1 describes a significant bypass of access controls and audit trails, creating a clear trust boundary vulnerability that requires threat modeling and mitigation.",
gs-03-fhir-integration,missed_expected,,,HIGH,4.1 My Health patient app,F2: Weak identity proofing lets anyone link an app account to another patient's record,MISSED,,,
gs-03-fhir-integration,missed_expected,,,MEDIUM,3.2 Processing and distribution,F8: Identifiable patient data sent to third parties beyond what they need,MISSED,,,
gs-04-ot-plant-network,prediction,1,agent,CRITICAL,1. Purpose and Scope,issue: Unspecified issue. recommendation: Remediation not specified by the reviewer; requires architect input.,TRAP,MUST-NOT-FLAG: Corporate users and ERP connect directly to the OT historian,"The reported finding states an unspecified issue requiring architect input, indicating a fundamental design flaw or missing information. Candidate C1, which describes direct connectivity between corporate users/ERP and the OT historian, represents a similar unspecified and potentially critical architectural weakness that needs clarification and remediation.",
gs-04-ot-plant-network,prediction,2,agent,HIGH,6. Remote Access,"issue: The remote access gateway in the DMZ brokers RDP sessions to engineering workstations without a hardened jump host, violating [network-management-standard.md §4.2]. recommendation: Implement a hardened jump host with session recording for all interactive administrative sessions.",TRAP,"MUST-NOT-FLAG: Vendor internet RDP access to engineering workstations lacks MFA, approval or oversight","The reported finding specifically highlights the lack of a hardened jump host for RDP sessions to engineering workstations, which directly relates to the risk of unauthorized access and control. Candidate C5 also describes a lack of MFA and oversight for vendor RDP access to engineering workstations, mirroring the same underlying weakness of inadequate access controls and potential for unauthorized remote administration.",
gs-04-ot-plant-network,prediction,3,agent,HIGH,10. Logging and Monitoring,"issue: The remote access gateway does not forward logs to the central SIEM in near real time, violating [logging-detection-standard.md §2.1] Central aggregation. recommendation: Forward logs from the remote access gateway to the central SIEM in near real time.",correct,No monitoring of industrial protocol traffic or controller changes at Levels 1-2,"The reported finding specifically addresses the lack of real-time log forwarding from the remote access gateway to the central SIEM, highlighting a deficiency in centralized logging and detection capabilities. Candidate C6 also describes a lack of monitoring of industrial protocol traffic and controller changes at Levels 1-2, which is a related weakness in the overall logging and monitoring architecture.",
gs-04-ot-plant-network,prediction,4,agent,HIGH,11. Backup and Recovery,"issue: The design describes backups without immutability, offline copy, or a tested restore, violating [vulnerability-resilience-standard.md §4.2, §4.3, §4.4]. recommendation: Implement immutability, offline copies, and regular restore testing.",TRAP,MUST-NOT-FLAG: HMI auto-logon with a shared local account,"The reported finding specifically addresses the lack of immutability, offline backups, and tested restores for backups, which directly relates to the resilience of the system against compromise. Candidate C7, regarding HMI auto-logon with a shared local account, also highlights a weakness in backup and recovery practices by creating a vulnerability that could lead to data compromise and the need for recovery.",
gs-04-ot-plant-network,prediction,5,agent,HIGH,2. Plant Overview and Zone Model,"issue: The design places presentation, application and data tiers in the same zone, violating [segmentation-standard.md §2.1]. recommendation: Place presentation, application and data tiers in separate zones, and state the trust relationship between zones.",correct,Safety instrumented system (burner management) shares the process control network,"The reported finding concerns the lack of segmentation between tiers (presentation, application, and data) and the absence of defined trust relationships. Candidate C1 describes a similar lack of segmentation, as the safety instrumented system (SIS) shares the process control network, which violates the principle of isolating critical safety functions from potentially compromised control systems.",
gs-04-ot-plant-network,prediction,6,agent,HIGH,2. Plant Overview and Zone Model,"issue: The Layer 3 boundary does not sit at the distribution layer in campus designs, violating [three-tier-lan-standard.md §2.2]. recommendation: Move the Layer 3 boundary to the distribution layer in campus designs.",correct,"Shared-PSK scanner Wi-Fi is bridged into a flat, ACL-free Level 1/Level 2 routed network","The reported finding concerns a Layer 3 boundary not being at the distribution layer, which implies a flat network design lacking proper segmentation. Candidate C1 describes a flat, ACL-free network where a compromised Wi-Fi key grants access to Level 1/2, directly reflecting this lack of segmentation and boundary control.",
gs-04-ot-plant-network,prediction,7,agent,HIGH,8. Identity and Access Management,"issue: Administrators connect to production from general-purpose workstations. recommendation: Implement a privileged access management solution with session recording, or use dedicated privileged access workstations.",correct,"Dual-homed engineering workstations bridge the corporate LAN (VLAN 412) and Level 3, bypassing the DMZ","The reported finding focuses on the risk of administrators accessing production systems from general-purpose workstations, which directly relates to the issue of engineering workstations bridging the corporate LAN and OT network (C1). This allows a compromised corporate host to directly reach OT systems, bypassing security controls and creating a similar risk profile.",
gs-04-ot-plant-network,prediction,8,agent,HIGH,8. Identity and Access Management,"issue: The OT Active Directory domain trusts the corporate domain through a one-way trust, which may create an exploitable path for lateral movement. recommendation: Implement a two-way trust or a separate, isolated OT domain.",correct,OT Active Directory trusts the corporate domain and corporate accounts hold admin rights on all OT hosts,"The reported finding specifically mentions the OT Active Directory domain trusting the corporate domain and the implications of corporate accounts having admin rights within the OT environment. Candidate C4 mirrors this exact concern about the Active Directory trust, nested groups, and the resulting privilege escalation risk.",
gs-04-ot-plant-network,prediction,9,agent,HIGH,4. Control Network (Levels 0-2),issue: Inter-zone traffic is routed without a stateful inspection point between Level 2 VLANs 210-213 and Level 1 VLANs 110-112. recommendation: Implement a stateful inspection point between Level 2 VLANs 210-213 and Level 1 VLANs 110-112.,correct,"OEM LTE router gives direct internet-originated access to Level 1 controllers, bypassing the DMZ","The reported finding specifically highlights the lack of stateful inspection between Level 2 and Level 1 VLANs, allowing traffic to flow without security checks. Candidate C4 describes a similar bypass of security controls (firewalls, DMZ, MFA) that allows direct internet access to Level 1 controllers, effectively routing traffic between VLANs without inspection.",
gs-04-ot-plant-network,prediction,10,agent,HIGH,7. Wireless Scanning Network,"issue: The corporate SSID CAL-SCAN uses a pre-shared key, violating [network-management-standard.md §6.1] Wireless authentication. recommendation: Replace WPA2-Personal with WPA2-Enterprise or WPA3-Enterprise with 802.1X and EAP-TLS, and configure 802.1X authentication on the core switches.",correct,"Shared-PSK scanner Wi-Fi is bridged into a flat, ACL-free Level 1/Level 2 routed network","The reported finding specifically addresses the use of a pre-shared key (PSK) for wireless authentication, which allows unauthorized access if the key is compromised. Candidate C7 also describes a similar vulnerability where a shared PSK on a scanner network is bridged into a network with no access controls, creating a similar risk of unauthorized access.",
gs-04-ot-plant-network,prediction,11,agent,HIGH,7. Wireless Scanning Network,"issue: The use of pre-shared keys for corporate SSIDs requires client isolation and a segment boundary, which is not described. recommendation: Implement client isolation and a segment boundary for the CAL-SCAN SSID.",correct,"Shared-PSK scanner Wi-Fi is bridged into a flat, ACL-free Level 1/Level 2 routed network","The reported finding specifically addresses the security risk of using pre-shared keys for a wireless network (CAL-SCAN SSID) and the lack of client isolation and segmentation, which allows unauthorized access. Candidate C5 mirrors this exact weakness: a shared PSK scanner Wi-Fi is bridged into a flat, ACL-free network, granting unauthenticated access to critical systems.",
gs-04-ot-plant-network,prediction,12,agent,HIGH,Calderwick Plant IT/OT Network Architecture - High-Level Design,issue: Unspecified issue. recommendation: Remediation not specified by the reviewer; requires architect input.,correct,OT Active Directory trusts the corporate domain and corporate accounts hold admin rights on all OT hosts,"The reported finding mentions a lack of specificity and requires architect input, which aligns with C1's description of Active Directory trusts and corporate account privileges granting broad administrative access within the OT environment. This highlights a significant architectural weakness requiring further investigation and remediation.",
gs-04-ot-plant-network,prediction,13,correlation,HIGH,Cross-domain,"issue: The network architecture allows administrators to connect to production from general-purpose workstations, violating [identity-access-standard.md §4.3]. This contradicts the security model, which assumes a secure identity and access management system. recommendation: Restrict administrators to connect to production only from designated, hardened workstations.",correct,OT Active Directory trusts the corporate domain and corporate accounts hold admin rights on all OT hosts,"The reported finding focuses on administrators connecting to production networks from general-purpose workstations, bypassing security controls and identity/access management. Candidate C4 describes a similar issue where corporate accounts with admin rights on OT hosts, due to Active Directory trusts, allow unauthorized access and control over OT systems, effectively bypassing intended security boundaries.",
gs-04-ot-plant-network,prediction,14,correlation,HIGH,Cross-domain,"issue: The network design places presentation, application and data tiers in the same zone, violating [segmentation-standard.md §2.1]. This contradicts the application architecture, which assumes network segmentation for tenant isolation. recommendation: Segregate presentation, application and data tiers into separate zones.",correct,"Dual-homed engineering workstations bridge the corporate LAN (VLAN 412) and Level 3, bypassing the DMZ","The reported finding specifically addresses the lack of network segmentation, where different tiers of an application (presentation, application, and data) reside in the same zone. Candidate C5 describes a similar issue where engineering workstations bridge the corporate LAN and the OT network (Level 3), effectively bypassing the DMZ and creating a lack of segmentation between different network zones.",
gs-04-ot-plant-network,prediction,15,rules_engine,HIGH,1. Purpose and Scope,"issue: Backups are described without immutability, offline copy, or a tested restore. recommendation: Hold at least one immutable or air-gapped copy outside the production identity domain, and test restore at defined intervals with the result recorded against the stated RTO/RPO.",correct,Safety instrumented system (burner management) shares the process control network,"The reported finding concerns the lack of backup immutability, offline copies, and tested restores, highlighting a vulnerability related to data protection and recovery. Candidate C7 also describes a critical vulnerability where a compromised control network could directly impact a safety instrumented system (SIS), which is a form of data protection failure.",
gs-04-ot-plant-network,prediction,16,rules_engine,HIGH,11. Backup and Recovery,"issue: Backups are described without immutability, offline copy, or a tested restore. recommendation: Hold at least one immutable or air-gapped copy outside the production identity domain, and test restore at defined intervals with the result recorded against the stated RTO/RPO.",correct,OT Active Directory trusts the corporate domain and corporate accounts hold admin rights on all OT hosts,"The reported finding focuses on the lack of immutability, offline backups, and tested restores for backups, highlighting a vulnerability related to data integrity and recovery. Candidate C6, concerning OT Active Directory trusts and corporate admin rights, also describes a significant weakness related to data integrity and recovery, as a compromise could lead to unauthorized modifications and data loss.",
gs-04-ot-plant-network,prediction,17,rules_engine,HIGH,2. Plant Overview and Zone Model,"issue: Backups are described without immutability, offline copy, or a tested restore. recommendation: Hold at least one immutable or air-gapped copy outside the production identity domain, and test restore at defined intervals with the result recorded against the stated RTO/RPO.",correct,Safety instrumented system (burner management) shares the process control network,"The reported finding concerns backups lacking immutability, offline copies, and tested restores, highlighting a vulnerability related to data integrity and recovery. Candidate C1 describes a shared network segment between safety instrumented systems and process control networks, which could compromise the integrity of safety functions if the control network is compromised, mirroring the concern about data integrity and recovery.",
gs-04-ot-plant-network,prediction,18,rules_engine,HIGH,7. Wireless Scanning Network,"issue: Shared, generic or service accounts are used by humans. recommendation: Bind every human action to a named identity. Convert service accounts to workload identities with no interactive logon rights and vault any that must retain a password.",TRAP,MUST-NOT-FLAG: HMI auto-logon with a shared local account,"The reported finding focuses on the use of shared or generic accounts and the need to bind actions to named identities, eliminating interactive logon rights where possible. Candidate C3 directly describes the use of a shared local account for HMI auto-logon, which aligns with this weakness.",
gs-04-ot-plant-network,prediction,19,agent,MEDIUM,10. Logging and Monitoring,"issue: The design does not log data export or bulk read operations above a defined threshold, violating [logging-detection-standard.md §2.2] Mandatory event set. recommendation: Implement logging for data export or bulk read operations above a defined threshold.",correct,No monitoring of industrial protocol traffic or controller changes at Levels 1-2,"The reported finding specifically mentions a lack of logging for data export or bulk read operations above a defined threshold, which directly relates to the absence of monitoring for industrial protocol traffic and controller changes (C4). This indicates a failure to detect potentially malicious activities like unauthorized data access or configuration modifications.",
gs-04-ot-plant-network,prediction,20,agent,MEDIUM,9. Patching and Endpoint Protection,"issue: The design does not describe how patching is performed without an outage, as required by [vulnerability-resilience-standard.md §3.2]. recommendation: Describe the maintenance approach for patching in the design document.",correct,Controller key switches permanently left in REMOTE mode,"The reported finding specifically addresses the lack of a described approach for patching without causing an outage. Candidate C1 discusses a potential vulnerability related to controller mode and unauthorized logic changes, which could be exacerbated by a lack of proper patching procedures and maintenance.",
gs-04-ot-plant-network,prediction,21,agent,MEDIUM,2. Plant Overview and Zone Model,"issue: The design does not assign each workload to a named security zone, violating [segmentation-standard.md §2.1]. recommendation: Assign each workload to a named security zone, and state the trust relationship between zones.",correct,"Dual-homed engineering workstations bridge the corporate LAN (VLAN 412) and Level 3, bypassing the DMZ","The reported finding specifically addresses the lack of assignment of workloads to named security zones and the absence of defined trust relationships between those zones. Candidate C5, concerning dual-homed engineering workstations bridging the corporate LAN and Level 3, directly violates the principle of network segmentation and zone separation by allowing a bypass of the DMZ, which is a core aspect of security zoning.",
gs-04-ot-plant-network,prediction,22,agent,MEDIUM,8. Identity and Access Management,"issue: Privileged MFA relies on FIDO2 security keys, which are acceptable, but the use of FIDO2 for non-privileged access is not explicitly stated. recommendation: Mandate MFA for all interactive access to enterprise systems, including non-privileged access.",correct,Unused switch ports left live in control VLANs for contractor laptops,"The reported finding concerns the lack of MFA for non-privileged access, highlighting a potential gap in security controls. Candidate C4, regarding unused switch ports for contractor laptops, also reveals a similar weakness: a lack of enforced access controls and authentication for transient devices connecting to the OT network, bypassing security measures.",
gs-04-ot-plant-network,prediction,23,agent,MEDIUM,3. Industrial DMZ (Level 3.5),"issue: The design does not constrain server-to-server traffic within the DMZ zone, violating [segmentation-standard.md §3.2]. recommendation: Implement micro-segmentation within the DMZ zone to constrain server-to-server traffic.",correct,"Dual-homed engineering workstations bridge the corporate LAN (VLAN 412) and Level 3, bypassing the DMZ","The reported finding specifically addresses the lack of segmentation within the DMZ, allowing unrestricted server-to-server traffic. Candidate C4 describes a similar issue where engineering workstations bridge the corporate LAN and Level 3, effectively bypassing the DMZ's intended segmentation and creating a direct path between networks.",
gs-04-ot-plant-network,prediction,24,agent,MEDIUM,4. Control Network (Levels 0-2),"issue: Controller key switches are left in the REMOTE position, allowing unauthorised access to the control system. recommendation: Ensure controller key switches are in the LOCAL position when not in use.",correct,Controller key switches permanently left in REMOTE mode,"The reported finding specifically mentions controller key switches being left in the REMOTE position, which allows unauthorized access. Candidate C4 directly addresses this same issue of controllers being permanently left in REMOTE mode, highlighting the lack of physical interlock and potential for unauthorized logic changes.",
gs-04-ot-plant-network,prediction,25,agent,MEDIUM,4. Control Network (Levels 0-2),"issue: Line HMIs start automatically at boot and log on with the local Windows account hmi-operator, potentially allowing unauthorised access. recommendation: Implement additional authentication and authorisation controls for Line HMIs.",TRAP,MUST-NOT-FLAG: HMI auto-logon with a shared local account,"The reported finding specifically mentions HMI auto-logon with a local Windows account, which directly aligns with candidate C3. While C1 describes a broader AD trust issue that *could* lead to similar unauthorized access, C3 is the more precise match for the finding's focus.",
gs-04-ot-plant-network,prediction,26,agent,MEDIUM,4. Control Network (Levels 0-2),"issue: Unused access ports are left enabled in the control VLAN, allowing unauthorised access. recommendation: Disable unused access ports in the control VLAN.",correct,Unused switch ports left live in control VLANs for contractor laptops,"The reported finding specifically mentions unused access ports in the control VLAN allowing unauthorized access. Candidate C7 directly addresses this same issue of unused switch ports in the control VLANs being left live, enabling unauthorized access via contractor laptops.",
gs-04-ot-plant-network,prediction,27,agent,MEDIUM,5. Site Operations (Level 3),"issue: The engineering workstations (EWS-01 to EWS-04) are not constrained by micro-segmentation, violating [segmentation-standard.md §3.2]. recommendation: Implement micro-segmentation for the engineering workstations (EWS-01 to EWS-04) to constrain server-to-server traffic within the zone.",correct,"Dual-homed engineering workstations bridge the corporate LAN (VLAN 412) and Level 3, bypassing the DMZ","The reported finding specifically mentions the lack of micro-segmentation for engineering workstations (EWS-01 to EWS-04) and the resulting lack of constraint on server-to-server traffic. Candidate C7 also describes a similar weakness where engineering workstations bridge the corporate LAN and Level 3, effectively bypassing network segmentation and controls, which aligns with the core issue of insufficient segmentation.",
gs-04-ot-plant-network,prediction,28,correlation,MEDIUM,Cross-domain,"issue: The application architecture assumes network segmentation for tenant isolation, but the network design has one flat segment. recommendation: Implement network segmentation for tenant isolation.",correct,Unused switch ports left live in control VLANs for contractor laptops,"The reported finding highlights a contradiction between the assumed network segmentation for tenant isolation and the actual flat network design. Candidate C1 describes a similar weakness where transient devices bypass security controls due to enabled, unused switch ports, effectively creating a flat network segment and undermining intended isolation.",
gs-04-ot-plant-network,prediction,29,rules_engine,MEDIUM,Document (completeness),"issue: The design does not describe how data moves between components. Without a data flow, encryption-in-transit, boundary controls and data residency cannot be assessed at all - their absence from the findings below means they were unreviewable, not that they are sound. recommendation: Add a data flow diagram or a flow table listing, for each flow: source, destination, protocol, and what data it carries.",correct,Unused switch ports left live in control VLANs for contractor laptops,"The reported finding highlights the lack of data flow documentation, which prevents assessment of security controls like boundary controls and encryption-in-transit. Candidate C1 describes a scenario where contractor laptops bypass security controls due to unused switch ports, demonstrating a lack of defined data flow and boundary control.",
gs-04-ot-plant-network,prediction,30,rules_engine,MEDIUM,Document (completeness),"issue: The design does not classify the data it handles. Retention, residency, encryption strength and access-logging requirements all derive from classification, so none of them can be checked. recommendation: State, per data store and per flow, the classification of the data held or carried (for example Public / Internal / Confidential / PHI).",correct,OT Active Directory trusts the corporate domain and corporate accounts hold admin rights on all OT hosts,"The reported finding highlights the lack of data classification, which directly impacts security controls like retention, residency, encryption, and access logging. Candidate C1 describes a significant trust relationship between OT and corporate domains, which inherently exposes OT data to corporate security policies (or lack thereof) and potential compromise, thus demonstrating a failure to properly classify and protect data.",
gs-04-ot-plant-network,prediction,31,rules_engine,MEDIUM,Whole document,"issue: No threat model or documented attack-surface analysis accompanies the design. recommendation: Produce a STRIDE or equivalent threat model covering every trust boundary in the design, with mitigations traced to specific controls and residual risks accepted by a named owner.",correct,OT Active Directory trusts the corporate domain and corporate accounts hold admin rights on all OT hosts,"The reported finding specifically calls for a threat model and attack surface analysis to identify and mitigate risks at trust boundaries. Candidate C1 highlights a significant trust boundary issue – the OT Active Directory trusting the corporate domain and granting excessive privileges, which directly aligns with the need for a threat model to assess and address this risk.",
gs-05-workforce-identity,prediction,1,agent,CRITICAL,5. Authentication and MFA,"issue: New starters sign in for the first time with a temporary access pass rather than a password and MFA, which is not compliant with the standard requirement for MFA to be mandatory for all interactive access to enterprise systems. recommendation: Remove temporary access passes and ensure new starters sign in with a password and MFA from the start.",TRAP,MUST-NOT-FLAG: New starters' first sign-in bypasses MFA with a temporary access pass,"The reported finding specifically addresses the issue of new starters bypassing MFA during their initial login using a temporary access pass. Candidate C6 mirrors this exact weakness, describing the same scenario of new starters bypassing MFA with a temporary access pass.",
gs-05-workforce-identity,prediction,2,agent,HIGH,4. Single Sign-On and Application Integration,"issue: The expense platform, the contract repository and the design collaboration tool implement their own password stores for employees, violating [application-security-standard.md §3.2] Authentication strength. recommendation: Migrate these applications to use the enterprise identity provider via OIDC or SAML, and remove local application user stores.",correct,Leavers keep access to the 11 applications that use local accounts,"The reported finding specifically addresses applications maintaining their own password stores, which directly relates to the issue of applications not integrating with the enterprise identity provider. Candidate C4 explicitly describes this scenario with the expense, contract repository, and design collaboration tools using local accounts.",
gs-05-workforce-identity,prediction,3,agent,HIGH,"8. Joiner, Mover, Leaver","issue: The design uses a static, non-expiring API key for internal service-to-service calls, which is a violation of [application-security-standard.md §3.3]. recommendation: Replace the static API key with short-lived credentials, such as workload identity or mTLS certificates, or use the client-credentials grant with tokens under one hour.",correct,In-house apps use the deprecated OAuth/OIDC implicit grant,"The reported finding specifically addresses the use of static API keys for service-to-service communication and recommends replacing them with short-lived credentials like workload identity or mTLS. Candidate C1, concerning the deprecated OAuth/OIDC implicit grant, also highlights a security weakness related to long-lived, easily leaked credentials (access tokens in the URL fragment), making it the closest match.",
gs-05-workforce-identity,prediction,4,agent,HIGH,10. Service Accounts,"issue: Service accounts have interactive logon rights, violating [identity-access-standard.md §3.2] Requirement: Non-human identities MUST be workload identities (managed identity, IRSA, SPIFFE, or equivalent) with no interactive logon rights. recommendation: Migrate service accounts to workload identities with no interactive logon rights.",TRAP,MUST-NOT-FLAG: Service accounts excluded from MFA,"The reported finding specifically addresses service accounts having interactive logon rights and the need to migrate them to workload identities. Candidate C4 also discusses service accounts and MFA, indicating a similar concern about service account security and access controls.",
gs-05-workforce-identity,prediction,5,agent,HIGH,10. Service Accounts,"issue: Service accounts use vaulted passwords, violating [identity-access-standard.md §3.2] Requirement: Non-human identities MUST have no password where the platform supports it. recommendation: Migrate service accounts to use certificate credentials or workload identity.",correct,Helpdesk resets passwords and removes MFA for any user after weak knowledge-based caller verification,"The reported finding specifically addresses the use of passwords for service accounts and recommends migrating to certificate credentials or workload identity. Candidate C1 describes a significant vulnerability related to password resets and MFA bypass, directly impacting the security of user accounts, which is a related but distinct issue from service account credentials.",
gs-05-workforce-identity,prediction,6,agent,HIGH,1. Purpose and Scope,"issue: The design does not explicitly state that applications federate to the enterprise identity provider, which is required by [identity-access-standard.md §2.2]. recommendation: Update the design to explicitly state that applications federate to the enterprise identity provider.",correct,Leavers keep access to the 11 applications that use local accounts,"The reported finding concerns the lack of explicit federation to the enterprise identity provider, indicating a potential gap in how applications authenticate and access resources. Candidate C5 also highlights a similar issue where applications (the 11 locally managed ones) are not integrated with the central identity provider, leading to access control inconsistencies and potential security risks.",
gs-05-workforce-identity,prediction,7,agent,HIGH,3. Directory and Synchronisation,"issue: The AD connector account has broad permissions for password hash synchronisation, violating [identity-access-standard.md §4.1] Least privilege. recommendation: Revoke the Replicate Directory Changes and Replicate Directory Changes All permissions from the AD connector account and assign only the necessary permissions for synchronisation.",correct,Directory sync server holds domain replication rights but is managed as Tier 1,"The reported finding specifically highlights the excessive permissions granted to the AD connector account (IDSYNC01) for password hash synchronization and password writeback, which poses a significant risk of domain compromise. Candidate C2 mirrors this exact concern, detailing the same IDSYNC01 account's broad AD permissions and its placement in a low-security tier, leading to a similar potential for domain takeover.",
gs-05-workforce-identity,prediction,8,agent,HIGH,3. Directory and Synchronisation,"issue: The design does not state what happens to access when the identity provider is unavailable. recommendation: State what happens to access when the identity provider is unavailable, and ensure that recovery of the system does not depend on the very identity system that may be compromised or unavailable.",correct,Directory sync server holds domain replication rights but is managed as Tier 1,"The reported finding specifically addresses the risk of system unavailability and the need for recovery mechanisms independent of the identity provider. Candidate C4 highlights a similar risk: the directory sync server's capabilities (replication rights and password writeback) combined with its Tier 1 management status create a single point of failure where compromise could impact the entire domain, including recovery.",
gs-05-workforce-identity,prediction,9,agent,HIGH,5. Authentication and MFA,"issue: Basic authentication for IMAP, POP3 and SMTP AUTH remains enabled on the mail platform for all mailboxes, which is not compliant with the standard requirement for interactive user authentication to use the enterprise identity provider via OIDC or SAML. recommendation: Disable basic authentication for IMAP, POP3 and SMTP AUTH on the mail platform for all mailboxes.",correct,"Legacy basic authentication (IMAP, POP3, SMTP AUTH) enabled for all mailboxes bypasses MFA","The reported finding specifically addresses the issue of basic authentication (IMAP, POP3, SMTP AUTH) bypassing MFA and exposing mailboxes to credential stuffing attacks. Candidate C1 directly mirrors this concern by highlighting the same weakness related to legacy authentication protocols and their failure to enforce MFA.",
gs-05-workforce-identity,prediction,10,agent,HIGH,7. Privileged Access,"issue: Emergency access accounts use FIDO2 security keys, but there is no requirement for phishing-resistant MFA. recommendation: Implement phishing-resistant MFA for emergency access accounts.",TRAP,MUST-NOT-FLAG: Emergency access (break-glass) accounts excluded from conditional access and MFA,"The reported finding specifically addresses emergency access accounts being exempt from phishing-resistant MFA, which directly aligns with candidate C1's description of emergency access accounts being excluded from conditional access and MFA.",
gs-05-workforce-identity,prediction,11,agent,HIGH,7. Privileged Access,"issue: Privileged roles are permanently assigned to six accounts eligible for Global Administrator. recommendation: Revoke permanent assignment and implement just-in-time elevation with a time limit, approval, and stated reason.",TRAP,MUST-NOT-FLAG: Emergency access (break-glass) accounts excluded from conditional access and MFA,"The reported finding specifically addresses the issue of permanently assigned privileged roles and the need for just-in-time elevation, which aligns with candidate C1's description of emergency access accounts being excluded from conditional access and MFA, effectively granting them permanent, elevated privileges.",
gs-05-workforce-identity,prediction,12,agent,HIGH,7. Privileged Access,"issue: Tier 0 administrators use dedicated privileged access workstations, but there is no requirement for phishing-resistant MFA. recommendation: Implement phishing-resistant MFA for Tier 0 administrators.",TRAP,MUST-NOT-FLAG: Emergency access (break-glass) accounts excluded from conditional access and MFA,"The reported finding focuses on the lack of phishing-resistant MFA for Tier 0 administrators, highlighting a critical security gap in privileged access controls. Candidate C6 also addresses a similar issue by mentioning emergency access accounts being excluded from conditional access and MFA, indicating a weakness in privileged access controls.",
gs-05-workforce-identity,prediction,13,agent,HIGH,9. Helpdesk and Account Recovery,"issue: The service desk handles password and MFA calls, indicating that users cannot self-serve, which contradicts the standard that MFA is mandatory for all interactive access to enterprise systems. recommendation: Implement self-service password reset and MFA capabilities for users to reset their own passwords and MFA methods.",correct,Helpdesk resets passwords and removes MFA for any user after weak knowledge-based caller verification,"The reported finding specifically highlights the risk of users not being able to self-serve for password and MFA resets, which relies on the helpdesk. Candidate C6 describes a similar weakness where the helpdesk can reset passwords and remove MFA based on weak verification, essentially bypassing the intended MFA controls and creating a significant vulnerability.",
gs-05-workforce-identity,prediction,14,agent,HIGH,11. Logging and Monitoring,"issue: There is no evidence of cloud control-plane audit logs being enabled organisation-wide. recommendation: Enable cloud control-plane audit logs organisation-wide, and deliver them to a separate logging account that workload administrators cannot access.",unmatched,,"The reported finding specifically addresses the lack of cloud control-plane audit logs and their delivery to a secure location, which isn't directly related to any of the candidate issues. Therefore, none of the candidates describe the same underlying weakness.",
gs-05-workforce-identity,prediction,15,agent,HIGH,6. Conditional Access,"issue: The emergency access accounts are excluded from MFA, creating a potential single point of failure and exploitable path. recommendation: Remove the emergency access accounts from the conditional access policies or implement compensating controls to prevent misuse.",TRAP,MUST-NOT-FLAG: Emergency access (break-glass) accounts excluded from conditional access and MFA,"The reported finding specifically mentions emergency access accounts being excluded from MFA, which directly corresponds to candidate C4. While C3 also mentions service accounts excluded from MFA, the reported finding's focus is solely on emergency access.",
gs-05-workforce-identity,prediction,16,rules_engine,HIGH,10. Service Accounts,"issue: Sensitive data is written to application logs. recommendation: Mask or omit PII, card data, tokens and full request bodies in logs. Log identifiers and correlation IDs instead of payloads, and apply the same classification controls to log stores as to the source data.",TRAP,MUST-NOT-FLAG: Service accounts excluded from MFA,"The reported finding focuses on the issue of sensitive data being written to application logs and the need to mask or omit PII and tokens. Candidate C7, which describes service accounts excluded from MFA, also highlights a weakness related to sensitive data exposure (credentials) and inadequate controls, aligning with the finding's concern about sensitive information being improperly handled.",
gs-05-workforce-identity,prediction,17,correlation,HIGH,Cross-domain,"issue: The application relies on network segmentation for tenant isolation, but the network design has one flat segment. recommendation: Implement network segmentation for tenant isolation.",correct,Leavers keep access to the 11 applications that use local accounts,"The reported finding specifically addresses the lack of network segmentation for tenant isolation, which directly relates to the isolation of different tenants' data and resources. Candidate C3 describes a similar lack of isolation, as leavers retain access to applications, indicating a failure to properly isolate their data and privileges.",
gs-05-workforce-identity,prediction,18,correlation,HIGH,Cross-domain,"issue: The application uses a static, non-expiring API key for internal service-to-service calls, but the security model does not mention encryption in transit or at rest. recommendation: Mention encryption in transit or at rest in the security model.",correct,LDAP simple binds in cleartext with LDAP signing and channel binding not enforced,"The reported finding highlights the use of a static API key without encryption, indicating a lack of secure communication. Candidate C6 also describes a cleartext communication channel (LDAP simple binds) without encryption, representing a similar underlying weakness.",
gs-05-workforce-identity,prediction,19,agent,MEDIUM,4. Single Sign-On and Application Integration,"issue: In-house web applications use the implicit grant, which is not compliant with [application-security-standard.md §3.3] Machine-to-machine authentication. recommendation: Change the grant type to client-credentials or use workload identity, mTLS certificates, or short-lived tokens under one hour.",correct,In-house apps use the deprecated OAuth/OIDC implicit grant,"The reported finding specifically addresses the use of the OAuth implicit grant flow in in-house web applications and its security implications, which aligns directly with candidate C3's description of the same issue. C3 explicitly mentions the deprecated OAuth/OIDC implicit grant and its vulnerabilities.",
gs-05-workforce-identity,prediction,20,agent,MEDIUM,10. Service Accounts,"issue: Service accounts have no named owner, violating [identity-access-standard.md §3.2] Requirement: Non-human identities MUST have a named human owner. recommendation: Assign a named human owner to each service account.",TRAP,MUST-NOT-FLAG: Service accounts excluded from MFA,"The reported finding specifically addresses the lack of named owners for service accounts, which directly relates to identity and access management. Candidate C1, concerning service accounts excluded from MFA, also highlights a deficiency in service account security controls, making it the closest match.",
gs-05-workforce-identity,prediction,21,agent,MEDIUM,3. Directory and Synchronisation,"issue: LDAP signing and channel binding are not enforced for legacy applications, creating an exploitable path. recommendation: Enforce LDAP signing and channel binding for legacy applications, or replace them with modern authentication methods.",correct,LDAP simple binds in cleartext with LDAP signing and channel binding not enforced,"The reported finding specifically mentions LDAP signing and channel binding not being enforced for legacy applications, which directly corresponds to the issue described in candidate C4 regarding LDAP simple binds in cleartext and the lack of signing/channel binding. C4 details the same vulnerability and the same component (LDAP communication with domain controllers).",
gs-05-workforce-identity,prediction,22,agent,MEDIUM,5. Authentication and MFA,"issue: Administrators and the finance payments team use FIDO2 security keys, which is not compliant with the standard requirement for phishing-resistant factors (FIDO2 security keys, platform passkeys, or certificate-based authentication) for administrative and privileged access. recommendation: Replace FIDO2 security keys with platform passkeys or certificate-based authentication for administrators and the finance payments team.",correct,Helpdesk resets passwords and removes MFA for any user after weak knowledge-based caller verification,"The reported finding focuses on the lack of phishing-resistant MFA for privileged accounts, specifically highlighting a deficiency in the MFA implementation. Candidate C1 describes a significant vulnerability in the helpdesk password reset process, which effectively bypasses MFA and allows unauthorized access to privileged accounts, directly addressing the same underlying weakness of inadequate MFA protection.",
gs-05-workforce-identity,prediction,23,agent,MEDIUM,7. Privileged Access,"issue: Activation of Global Administrator role requires approval by a second administrator, but there is no requirement for a stated reason. recommendation: Implement a stated reason for approval of Global Administrator role activation.",correct,Helpdesk resets passwords and removes MFA for any user after weak knowledge-based caller verification,"The reported finding concerns the lack of a stated reason for approving Global Administrator role activation, highlighting a control weakness related to privileged access management. Candidate C1 describes a severe vulnerability in the helpdesk process where attackers can easily gain privileged access (including cloud admin accounts) without justification or audit trails, directly mirroring the finding's concern about inadequate privileged access controls.",
gs-05-workforce-identity,prediction,24,agent,MEDIUM,7. Privileged Access,"issue: Administrators connect to production from dedicated privileged access workstations, but there is no requirement for session recording. recommendation: Implement session recording for Tier 0 administrators.",correct,Helpdesk resets passwords and removes MFA for any user after weak knowledge-based caller verification,"The reported finding concerns privileged access sessions and the lack of recording, specifically for Tier 0 administrators. Candidate C1 highlights a significant weakness in privileged account management – the ability for unauthorized individuals to reset passwords and disable MFA for admin accounts, effectively bypassing privileged access controls.",
gs-05-workforce-identity,prediction,25,agent,MEDIUM,9. Helpdesk and Account Recovery,"issue: After verification, the agent can reset the password and remove the registered MFA methods for any user, which contradicts the standard that access MUST be provisioned from an authoritative HR source and revoked automatically on termination. recommendation: Implement automatic deprovisioning of access upon termination.",correct,Helpdesk resets passwords and removes MFA for any user after weak knowledge-based caller verification,"The reported finding specifically highlights the risk of helpdesk agents resetting passwords and removing MFA without proper authorization, which directly aligns with the vulnerability described in candidate C1 regarding weak caller verification and the potential for account takeover.",
gs-05-workforce-identity,prediction,26,agent,MEDIUM,9. Helpdesk and Account Recovery,"issue: Callers are verified by stating their employee ID and the name of their line manager, which contradicts the standard that entitlements MUST be recertified at least every six months, and privileged entitlements every three months, by the resource owner rather than the line manager alone. recommendation: Implement access recertification by the resource owner rather than the line manager.",correct,Helpdesk resets passwords and removes MFA for any user after weak knowledge-based caller verification,"The reported finding specifically highlights the risk of account takeover due to weak caller verification in the helpdesk process, allowing unauthorized password resets and MFA removal based on easily obtainable information. Candidate C7 mirrors this exact vulnerability, describing the same scenario of helpdesk agents resetting passwords and removing MFA with minimal verification.",
gs-05-workforce-identity,prediction,27,agent,MEDIUM,11. Logging and Monitoring,"issue: Retention is longer than the minimum required by [logging-detection-standard.md §4.1]. recommendation: Reduce retention to 12 months, with the most recent 90 days immediately searchable.",unmatched,,"The reported finding concerns log retention exceeding the minimum required by a standard, specifically mentioning a need to reduce retention and ensure searchability. None of the candidate issues address log retention or monitoring practices.",
gs-05-workforce-identity,prediction,28,agent,MEDIUM,11. Logging and Monitoring,"issue: The mandatory event set is incomplete, missing configuration and policy changes. recommendation: Add configuration and policy changes to the mandatory event set.",correct,Internet-facing HRIS provisioning webhook accepts unauthenticated joiner/mover/leaver events,"The reported finding concerns the omission of configuration and policy changes from the mandatory event set, indicating a lack of logging for these critical actions. Candidate C6, regarding the internet-facing HRIS provisioning webhook, also highlights a missing logging/monitoring component (lack of authentication and signature verification for events), making it the closest match.",
gs-05-workforce-identity,prediction,29,agent,MEDIUM,6. Conditional Access,"issue: Access, once granted, persists without re-evaluation for 12 hours. recommendation: Implement per-session authorisation to expire access after a shorter period, such as 15 minutes.",TRAP,MUST-NOT-FLAG: New starters' first sign-in bypasses MFA with a temporary access pass,"The reported finding concerns access persistence without re-evaluation, specifically highlighting a 12-hour window where access remains valid. Candidate C1, regarding temporary access passes bypassing MFA, directly addresses a similar issue of access being granted and persisting beyond a desired timeframe, albeit in a specific onboarding scenario.",
gs-05-workforce-identity,prediction,30,agent,MEDIUM,6. Conditional Access,"issue: Service accounts are exempted from MFA without a compensating control such as workload identity or IP restriction. recommendation: Implement a compensating control, such as workload identity or IP restriction, to ensure service accounts are protected.",TRAP,MUST-NOT-FLAG: Service accounts excluded from MFA,"The reported finding specifically mentions service accounts being exempted from MFA without compensating controls. Candidate C5 directly addresses this same issue, stating that service accounts are excluded from MFA.",
gs-05-workforce-identity,prediction,31,agent,MEDIUM,2. Identity Landscape,issue: Unspecified issue. recommendation: Remediation not specified by the reviewer; requires architect input.,correct,Unrestricted guest invitations with no expiry or review,"The reported finding mentions an unspecified issue requiring architect input, and the only candidate that aligns with this is C1, which also highlights an unspecified issue related to guest access and requires architect input for remediation.",
gs-05-workforce-identity,prediction,32,rules_engine,MEDIUM,Document (completeness),"issue: The design does not describe how data moves between components. Without a data flow, encryption-in-transit, boundary controls and data residency cannot be assessed at all - their absence from the findings below means they were unreviewable, not that they are sound. recommendation: Add a data flow diagram or a flow table listing, for each flow: source, destination, protocol, and what data it carries.",TRAP,MUST-NOT-FLAG: New starters' first sign-in bypasses MFA with a temporary access pass,"The reported finding highlights the lack of data flow description, which prevents assessment of encryption-in-transit, boundary controls, and data residency. Candidate C1 describes a specific data flow (new starter sign-in) that bypasses MFA, directly illustrating the issue of missing data flow documentation.",
gs-05-workforce-identity,prediction,33,agent,MEDIUM,Tellwater Workforce Identity Platform - High-Level Design,issue: Unspecified issue. recommendation: Remediation not specified by the reviewer; requires architect input.,correct,Leavers keep access to the 11 applications that use local accounts,"The reported finding mentions an unspecified issue requiring architect input, and candidate C1 specifically highlights a gap in the leaver process related to local accounts not being deprovisioned, which aligns with the finding's focus on a missing remediation step and architect involvement.",
gs-05-workforce-identity,prediction,34,correlation,MEDIUM,Cross-domain,"issue: The application does not describe how data moves between components, but the cloud design does not state where its trust boundaries lie. recommendation: State where the trust boundaries lie in the cloud design.",correct,Leavers keep access to the 11 applications that use local accounts,"The reported finding focuses on the lack of clarity regarding trust boundaries and data movement between components. Candidate C1 highlights a data flow issue where leavers retain access to applications, indicating a failure in the deprovisioning process and a lack of defined trust boundaries around those applications.",
gs-05-workforce-identity,prediction,35,correlation,MEDIUM,Cross-domain,"issue: The application does not describe how data moves between components, but the network design does not classify the data it handles. recommendation: Classify the data handled by the network.",correct,LDAP simple binds in cleartext with LDAP signing and channel binding not enforced,"The reported finding focuses on the lack of data classification within the network design and how data moves between components. Candidate C4 also highlights a data flow issue (credentials crossing the network in cleartext) and the absence of appropriate security controls (LDAP signing and channel binding), aligning with the finding's concern about data handling and network security.",
gs-05-workforce-identity,prediction,36,correlation,MEDIUM,Cross-domain,"issue: The application uses a static, non-expiring API key for internal service-to-service calls, but the cloud design does not state where its trust boundaries lie. recommendation: State where the trust boundaries lie in the cloud design.",TRAP,MUST-NOT-FLAG: Service accounts excluded from MFA,"The reported finding specifically highlights the use of a static, non-expiring API key for service-to-service communication, which represents a lack of proper authentication and authorization. Candidate C1, regarding service accounts excluded from MFA, shares this underlying weakness of inadequate authentication for internal services.",
gs-05-workforce-identity,prediction,37,rules_engine,MEDIUM,Document (completeness),"issue: The design does not classify the data it handles. Retention, residency, encryption strength and access-logging requirements all derive from classification, so none of them can be checked. recommendation: State, per data store and per flow, the classification of the data held or carried (for example Public / Internal / Confidential / PHI).",TRAP,MUST-NOT-FLAG: Service accounts excluded from MFA,"The reported finding specifically highlights the lack of data classification and its impact on security controls like retention, residency, encryption, and access logging. Candidate C1, regarding service accounts excluded from MFA, is related because MFA requirements are often dictated by data classification levels.",
gs-05-workforce-identity,prediction,38,correlation,MEDIUM,Cross-domain,"issue: The application uses a static, non-expiring API key for internal service-to-service calls, but the network design has one flat segment. recommendation: Implement network segmentation for tenant isolation.",correct,Leavers keep access to the 11 applications that use local accounts,"The reported finding focuses on the risk of using static API keys within a flat network segment, highlighting the lack of network isolation. Candidate C6 describes a similar issue where leavers retain access to applications due to a lack of deprovisioning, which is a consequence of inadequate network and access controls.",
gs-05-workforce-identity,prediction,39,correlation,MEDIUM,Cross-domain,"issue: The application does not describe how data moves between components, but the security model does not mention encryption in transit or at rest. recommendation: Mention encryption in transit or at rest in the security model.",correct,LDAP simple binds in cleartext with LDAP signing and channel binding not enforced,"The reported finding specifically mentions the lack of encryption in transit or at rest, which directly relates to the security of data moving between components. Candidate C4 describes the use of LDAP simple binds in cleartext, exposing credentials in transit, thus representing the same underlying weakness.",
gs-05-workforce-identity,prediction,40,rules_engine,MEDIUM,Document (completeness),"issue: The design does not mention encryption in transit or at rest, or key management. This is unreviewable rather than compliant. recommendation: State the encryption applied to each data store and each network flow, and where the keys live and how they rotate.",correct,Directory sync server holds domain replication rights but is managed as Tier 1,"The reported finding specifically addresses the lack of encryption in transit and at rest, and key management, which is a fundamental security control. Candidate C6, regarding the directory sync server, also highlights a critical security weakness related to data protection and key management (replication rights and password writeback), making it the closest match.",
gs-05-workforce-identity,prediction,41,rules_engine,MEDIUM,Document (completeness),"issue: The design does not state where its trust boundaries lie. Controls are only meaningful relative to a boundary, so authentication placement, filtering and encryption requirements cannot be judged. recommendation: Mark the trust boundaries on the architecture diagram and state, for each boundary crossing, what authenticates and what is filtered.",TRAP,MUST-NOT-FLAG: Emergency access (break-glass) accounts excluded from conditional access and MFA,"The reported finding focuses on the lack of defined trust boundaries, which directly impacts the effectiveness of security controls like authentication, filtering, and encryption. Candidate C1, regarding emergency access bypassing conditional access and MFA, highlights a failure to properly define and enforce boundaries around privileged access.",
gs-05-workforce-identity,prediction,42,rules_engine,MEDIUM,Whole document,"issue: No threat model or documented attack-surface analysis accompanies the design. recommendation: Produce a STRIDE or equivalent threat model covering every trust boundary in the design, with mitigations traced to specific controls and residual risks accepted by a named owner.",TRAP,MUST-NOT-FLAG: Service accounts excluded from MFA,"The reported finding highlights the lack of a threat model and attack surface analysis, indicating a general absence of proactive security considerations across the design. Candidate C1, regarding service accounts excluded from MFA, represents a specific failure to implement a basic security control, directly reflecting this lack of proactive threat mitigation.",
gs-05-workforce-identity,prediction,43,rules_engine,LOW,Document (completeness),issue: The design does not state availability targets or a recovery approach. Single points of failure cannot be identified. recommendation: State the availability target (RTO/RPO if applicable) and the redundancy or failover approach for each tier.,correct,Directory sync server holds domain replication rights but is managed as Tier 1,"The reported finding specifically mentions the lack of stated availability targets, recovery approaches, and identification of single points of failure. Candidate C3 describes a critical single point of failure (the directory sync server) and its potential impact, aligning with the finding's concern about unaddressed single points of failure.",
gs-05-workforce-identity,missed_expected,,,MEDIUM,"8. Joiner, Mover, Leaver",F7: Movers keep access from previous roles until the annual review,MISSED,,,
gs-06-cicd-supply-chain,prediction,1,agent,CRITICAL,7. Secrets and Test Data,"issue: The design describes AWS access keys being stored in CI variables, which is a secret appearing in source code. recommendation: Rotate the compromised secret and remove it from the repository.",correct,Terraform state containing production database master passwords is readable by every engineer,"The reported finding specifically highlights the insecure storage of AWS access keys (secrets) within CI variables, which is akin to storing them in source code. Candidate C4 also describes insecure storage of credentials (database master passwords) in Terraform state, which is readable by all engineers, representing a similar weakness of storing secrets in accessible files.",
gs-06-cicd-supply-chain,prediction,2,correlation,HIGH,Cross-domain,"issue: The application relies on network segmentation for tenant isolation, but the network design has one flat segment. recommendation: Implement network segmentation for tenant isolation.",correct,"Staging and production share one AWS account, VPC and KMS keys","The reported finding focuses on the lack of network segmentation for tenant isolation, which directly relates to the potential for cross-tenant access and data leakage. Candidate C5 describes a similar lack of isolation, as staging and production environments share the same AWS account, VPC, and KMS keys, creating a significant blast radius vulnerability.",
gs-06-cicd-supply-chain,prediction,3,agent,HIGH,2. Source Control,"issue: The organisation's 210 engineers all have write access to service repositories, which could lead to a single point of failure or a security breach. recommendation: Implement role-based access control and limit write access to only necessary personnel.",correct,Terraform state containing production database master passwords is readable by every engineer,"The reported finding highlights the risk of broad write access to service repositories potentially leading to security breaches or single points of failure. Candidate C1 directly addresses this by revealing that all engineers can access Terraform state containing production database passwords, effectively demonstrating a severe consequence of overly permissive access.",
gs-06-cicd-supply-chain,prediction,4,agent,HIGH,8. Deployment to Production,"issue: The release bot accepts the command from any member of the Slack workspace, which includes about 60 contractors from design and support agencies. recommendation: Restrict the /pw-deploy command to only allow authorized personnel to initiate rollbacks and redeployments.",correct,ChatOps deploy command has no authorisation check and is open to contractors,"The reported finding specifically addresses the lack of authorization controls for the ChatOps deployment command, allowing unauthorized users (including contractors) to trigger rollbacks and redeployments. Candidate C5 mirrors this exact issue of unrestricted access to production deployment commands via Slack.",
gs-06-cicd-supply-chain,prediction,5,agent,HIGH,8. Deployment to Production,"issue: The staging and production EKS clusters share the same AWS account, VPC, and KMS keys, which may allow unauthorized access to production data. recommendation: Migrate production and staging clusters to separate AWS accounts, VPCs, and KMS keys.",correct,"Staging and production share one AWS account, VPC and KMS keys","The reported finding specifically highlights the security risk of sharing AWS account, VPC, and KMS keys between staging and production environments, which directly corresponds to the issue described in candidate C6. C6 details the shared resources and the potential for a staging compromise to impact production data.",
gs-06-cicd-supply-chain,prediction,6,agent,HIGH,4. Build Runners,"issue: The shared pool of 16 self-hosted runners on EC2 instances in the build VPC allows long-lived cloud access keys to be used, violating [secure-sdlc-standard.md §3.1]. recommendation: Replace long-lived cloud access keys with short-lived federated credentials (OIDC workload identity).",correct,"Public fork pull requests run on shared, persistent self-hosted runners that hold registry-push and CI-secret access","The reported finding specifically mentions the use of long-lived cloud access keys on shared self-hosted runners, which allows unauthorized access and potential compromise. Candidate C5 also highlights the same issue: public fork pull requests running on shared runners with registry-push and CI-secret access, creating a similar risk of credential compromise and unauthorized actions.",
gs-06-cicd-supply-chain,prediction,7,correlation,HIGH,Cross-domain,"issue: The application relies on encryption of data in transit between services inside the same VPC, but the network design does not mention this requirement. recommendation: Implement encryption of data in transit between services inside the same VPC.",correct,"Staging and production share one AWS account, VPC and KMS keys","The reported finding concerns encryption of data in transit, which isn't explicitly mentioned in the network design. Candidate C4 also highlights a lack of isolation and shared resources (KMS keys) between environments, which could lead to unintended data exposure and a failure to enforce encryption policies consistently.",
gs-06-cicd-supply-chain,prediction,8,agent,HIGH,9. Infrastructure as Code,"issue: The IaC state files are stored without access control, violating [cloud-landing-zone-standard.md §6.1] Requirement: All cloud resources MUST be provisioned by version-controlled, peer-reviewed IaC. recommendation: Restrict access to the state bucket and KMS key to only those who need it.",correct,Terraform state containing production database master passwords is readable by every engineer,"The reported finding specifically mentions Terraform state files being stored without proper access control, which directly aligns with candidate C3's description of Terraform state containing production database master passwords being readable by all engineers.",
gs-06-cicd-supply-chain,prediction,9,correlation,HIGH,Cross-domain,"issue: The application relies on encryption of data in transit between services inside the same VPC, but the network design does not mention this requirement. recommendation: Implement encryption of data in transit between services inside the same VPC.",correct,"Staging and production share one AWS account, VPC and KMS keys","The reported finding concerns encryption of data in transit within the VPC, and candidate C1 highlights a lack of isolation between staging and production environments, which could lead to unauthorized access to production data, including potentially unencrypted data in transit. The core issue is the absence of proper network segmentation and security boundaries.",
gs-06-cicd-supply-chain,prediction,10,correlation,HIGH,Cross-domain,"issue: The application relies on network segmentation for tenant isolation, but the network design has one flat segment. recommendation: Implement network segmentation for tenant isolation.",correct,"Staging and production share one AWS account, VPC and KMS keys","The reported finding focuses on the lack of network segmentation for tenant isolation, which directly relates to the potential for unauthorized access and data leakage between tenants. Candidate C6 highlights a similar lack of isolation by sharing AWS accounts, VPCs, and KMS keys between staging and production, creating a significant blast radius vulnerability.",
gs-06-cicd-supply-chain,prediction,11,agent,HIGH,1. Purpose and Scope,"issue: The design does not mention the encryption of data in transit between services inside the same VPC, which is required by [cloud-data-protection-standard.md §3.2]. recommendation: Implement TLS 1.2 minimum encryption for all data in transit, including traffic between services inside the same VPC.",correct,"Staging and production share one AWS account, VPC and KMS keys","The reported finding concerns the lack of encryption for data in transit, specifically highlighting the absence of TLS 1.2 or higher. Candidate C1 describes a lack of isolation between staging and production environments, which inherently increases the risk of data exposure and compromises the security posture, including data in transit, making it a relevant match.",
gs-06-cicd-supply-chain,prediction,12,agent,MEDIUM,2. Source Control,"issue: Three client SDK repositories are public, which could lead to security vulnerabilities or intellectual property theft. recommendation: Implement access controls and review contributions before merging them into the main codebase.",correct,"Public fork pull requests run on shared, persistent self-hosted runners that hold registry-push and CI-secret access","The reported finding specifically mentions public repositories and the risk of intellectual property theft or vulnerabilities due to uncontrolled contributions. Candidate C5 directly addresses this concern by highlighting that public fork pull requests execute code on runners with registry push and CI secret access, enabling potential code theft and malicious actions.",
gs-06-cicd-supply-chain,prediction,13,agent,MEDIUM,8. Deployment to Production,"issue: The deploy job uses OIDC federation to obtain short-lived credentials, but the role's trust policy only accepts tokens issued for release branches of Parcelwise repositories. recommendation: Update the role's trust policy to accept tokens issued for all release branches, not just Parcelwise repositories.",correct,"Unprotected release branches deploy straight to production, bypassing code review","The reported finding specifically mentions a deploy job using OIDC federation and a trust policy restricting tokens to specific release branches. Candidate C5 also discusses release branches deploying directly to production without code review, and the trust policy being a restriction on deployments, directly aligning with the reported finding's concern about the scope of allowed tokens.",
gs-06-cicd-supply-chain,prediction,14,agent,MEDIUM,3. Branch Protection and Code Review,"issue: Direct commits to the main branch are permitted, violating [secure-sdlc-standard.md §2.1] Source control Requirement: All code and infrastructure definitions MUST live in version control with branch protection on the default branch, mandatory peer review, and no direct pushes. recommendation: Implement branch protection with mandatory peer review and no direct pushes to the main branch.",correct,"Unprotected release branches deploy straight to production, bypassing code review","The reported finding specifically addresses the lack of branch protection and mandatory code review, allowing direct commits to the main branch. Candidate C3 mirrors this exact issue by describing unprotected release branches deploying directly to production without code review, which is a direct violation of the stated requirement.",
gs-06-cicd-supply-chain,prediction,15,agent,MEDIUM,3. Branch Protection and Code Review,"issue: The CI/CD pipeline is described with security scanning, but the finding trigger for [secure-sdlc-standard.md §4.1] Security gates is not met because the pipeline is not described as blocking gates. recommendation: Modify the pipeline to include blocking gates for static analysis, software composition analysis, secret scanning, and container image scanning.",correct,"Public fork pull requests run on shared, persistent self-hosted runners that hold registry-push and CI-secret access","The reported finding specifically mentions the CI/CD pipeline not blocking security gates, implying a lack of control and potential for unauthorized code execution. Candidate C1 describes a scenario where public fork pull requests can execute code on runners with sensitive access, directly relating to the pipeline's lack of blocking gates and potential for malicious code execution.",
gs-06-cicd-supply-chain,prediction,16,agent,MEDIUM,3. Branch Protection and Code Review,"issue: The integration tests load a PostgreSQL database with sensitive data, including recipient names, addresses and phone numbers, which may be a security risk. recommendation: Review and refactor the integration tests to use a more secure approach, such as using mock data or a test database with minimal sensitive data.",TRAP,MUST-NOT-FLAG: Customer PII used in CI integration tests,"The reported finding specifically mentions the use of sensitive data (recipient names, addresses, phone numbers) in integration tests, which aligns directly with candidate C3's description of customer PII being used in CI integration tests.",
gs-06-cicd-supply-chain,prediction,17,agent,MEDIUM,5. Third-Party Dependencies,issue: The design does not ensure that base images come from the approved internal image catalogue. recommendation: Pin base images to specific versions instead of using :latest.,correct,Mutable image tags referenced by production and no signature or provenance verification,"The reported finding focuses on the risk of using mutable `:latest` tags in base images, which can lead to unpredictable and potentially insecure builds. Candidate C7 also highlights the dangers of mutable image tags and the lack of verification, making it the closest match.",
gs-06-cicd-supply-chain,prediction,18,agent,MEDIUM,5. Third-Party Dependencies,issue: The design does not ensure that dependencies are actively maintained. recommendation: Verify that all dependencies have a recent release and are actively maintained.,correct,Python dependency confusion via --extra-index-url with unscoped internal package names,"The reported finding concerns the lack of assurance that dependencies are actively maintained, which directly relates to the risk of using outdated or vulnerable dependencies. Candidate C6 describes a dependency confusion vulnerability stemming from the use of an internal package index alongside public PyPI, which highlights the potential for using compromised or outdated dependencies.",
gs-06-cicd-supply-chain,prediction,19,agent,MEDIUM,5. Third-Party Dependencies,issue: The design introduces a dependency-confusion and typosquatting path by pulling JavaScript dependencies directly from the public npm registry. recommendation: Move JavaScript dependencies to the internal package repository and lock them with package-lock.json.,correct,Python dependency confusion via --extra-index-url with unscoped internal package names,"The reported finding specifically addresses the risk of dependency confusion and typosquatting due to direct dependency pulling from the public npm registry, which aligns with the weakness described in candidate C4 regarding Python dependency confusion via `--extra-index-url` and unscoped internal package names.",
gs-06-cicd-supply-chain,prediction,20,agent,MEDIUM,6. Artifact Registry and Container Images,"issue: The build stage of each Dockerfile runs as root, creating a potential path for privilege escalation. recommendation: Use a non-root user for the build stage of each Dockerfile.",TRAP,MUST-NOT-FLAG: Containers run as root,"The reported finding specifically addresses the security risk of Dockerfiles running build stages as root, which directly relates to containers running with elevated privileges. Candidate C2 explicitly mentions 'Containers run as root,' making it the only matching issue.",
gs-06-cicd-supply-chain,prediction,21,agent,MEDIUM,9. Infrastructure as Code,"issue: IaC has no policy scanning, violating [cloud-landing-zone-standard.md §6.2] Requirement: IaC MUST be scanned against policy-as-code in the pipeline before apply. recommendation: Implement policy scanning in the pipeline before applying IaC changes.",correct,"Unprotected release branches deploy straight to production, bypassing code review","The reported finding specifically addresses the lack of policy scanning within the Infrastructure as Code (IaC) pipeline, highlighting a violation of a standard requiring policy-as-code checks before applying changes. Candidate C1 describes a similar weakness: unreviewed code being deployed to production, bypassing essential checks and controls, which aligns with the finding's concern about missing security validation steps.",
gs-06-cicd-supply-chain,prediction,22,agent,MEDIUM,9. Infrastructure as Code,"issue: The tf-apply role trusts only the main branch of platform-infra, which is a manual console change, violating [cloud-landing-zone-standard.md §6.1] Requirement: All cloud resources MUST be provisioned by version-controlled, peer-reviewed IaC. recommendation: Update the tf-apply role to trust the main branch of platform-infra via IaC.",unmatched,,"The reported finding concerns the lack of version-controlled IaC for provisioning cloud resources, specifically highlighting a manual console change bypassing IaC principles. Candidate C1, regarding insecurely stored application secrets, doesn't address the IaC aspect or the manual console change issue.",
gs-06-cicd-supply-chain,prediction,23,agent,MEDIUM,"10. Logging, Backup and Recovery","issue: The design does not specify a recovery time objective (RTO) for the system after compromise, which could lead to extended downtime and data loss. recommendation: Implement a recovery time objective (RTO) of less than 24 hours for the system, and ensure that all components can be rebuilt and restored within this timeframe.",correct,"Unprotected release branches deploy straight to production, bypassing code review","The reported finding concerns the lack of a defined recovery time objective (RTO) and potential for extended downtime and data loss following a compromise. Candidate C1 highlights a significant vulnerability – the ability for unreviewed code to be deployed to production, which directly increases the likelihood of a compromise and subsequent downtime.",
gs-06-cicd-supply-chain,prediction,24,agent,MEDIUM,"10. Logging, Backup and Recovery","issue: The retention period of 13 months exceeds the minimum requirement of 12 months specified in the logging-detection-standard.md §4.1, but the most recent 90 days are not immediately searchable. recommendation: Adjust the retention period to 12 months, and ensure that the most recent 90 days are immediately searchable.",unmatched,,"The reported finding concerns a discrepancy between a logging retention policy and searchability requirements, specifically highlighting a deviation from a standard. None of the other candidates address this specific issue of policy adherence and data accessibility within a logging context.",
gs-06-cicd-supply-chain,prediction,25,rules_engine,MEDIUM,9. Infrastructure as Code,"issue: Infrastructure is provisioned manually or IaC has no policy scanning / drift detection. recommendation: Provision exclusively through reviewed IaC in version control, scan templates against policy-as-code in the pipeline, and alert on drift between deployed state and the repository.",correct,"Unprotected release branches deploy straight to production, bypassing code review","The reported finding focuses on the lack of policy enforcement and drift detection in infrastructure provisioning, which directly relates to the absence of review and control over code deployments described in candidate C2. C2 highlights the risk of unreviewed code being pushed directly to production, mirroring the finding's concern about uncontrolled infrastructure changes.",
gs-06-cicd-supply-chain,prediction,26,rules_engine,MEDIUM,Document (completeness),"issue: The design does not classify the data it handles. Retention, residency, encryption strength and access-logging requirements all derive from classification, so none of them can be checked. recommendation: State, per data store and per flow, the classification of the data held or carried (for example Public / Internal / Confidential / PHI).",TRAP,MUST-NOT-FLAG: Customer PII used in CI integration tests,"The reported finding specifically highlights the lack of data classification, which directly impacts security controls like retention, residency, encryption, and access logging. Candidate C1, concerning Customer PII used in CI integration tests, directly relates to the handling of sensitive data and its classification (or lack thereof).",
gs-06-cicd-supply-chain,prediction,27,rules_engine,MEDIUM,Document (completeness),"issue: The design does not state where its trust boundaries lie. Controls are only meaningful relative to a boundary, so authentication placement, filtering and encryption requirements cannot be judged. recommendation: Mark the trust boundaries on the architecture diagram and state, for each boundary crossing, what authenticates and what is filtered.",correct,Mutable image tags referenced by production and no signature or provenance verification,"The reported finding focuses on the lack of defined trust boundaries, which directly relates to the ability to judge security controls. Candidate C3 highlights a similar issue: mutable image tags allow unauthorized image replacement without verification, effectively bypassing trust boundaries and controls.",
gs-06-cicd-supply-chain,prediction,28,rules_engine,MEDIUM,Whole document,"issue: No threat model or documented attack-surface analysis accompanies the design. recommendation: Produce a STRIDE or equivalent threat model covering every trust boundary in the design, with mitigations traced to specific controls and residual risks accepted by a named owner.",correct,Mutable image tags referenced by production and no signature or provenance verification,"The reported finding specifically mentions the lack of a threat model and attack surface analysis, particularly concerning trust boundaries and mitigations. Candidate C1 directly highlights a critical trust boundary issue: mutable image tags allowing unauthorized image replacement without verification, which is a key area a threat model should address.",
gs-06-cicd-supply-chain,missed_expected,,,LOW,6. Artifact Registry and Container Images,F8: No SBOM generated or retained for release images,MISSED,,,
gs-07-azure-analytics-lake,prediction,1,agent,CRITICAL,8. Environments,issue: Unspecified issue. recommendation: Remediation not specified by the reviewer; requires architect input.,correct,Power BI Publish to web enabled tenant-wide for reports with customer data,"The reported finding mentions an unspecified issue in the 'Environments' section and requires architect input, which aligns with C1's description of a tenant-wide 'Publish to web' configuration creating unauthenticated public links for reports containing customer data. This highlights a significant security risk within the environment that necessitates architectural review.",
gs-07-azure-analytics-lake,prediction,2,agent,CRITICAL,Tidewater Analytics Platform — High-Level Design,issue: Unspecified issue. recommendation: Remediation not specified by the reviewer; requires architect input.,correct,No data-plane access logging on lake and export storage; 30-day retention,"The reported finding mentions a lack of specified remediation and requires architect input, which aligns with candidate C1's description of missing data-plane access logging and a need for further investigation into appropriate remediation.",
gs-07-azure-analytics-lake,prediction,3,agent,HIGH,5. Network Design,issue: The design does not enforce egress inspection or filtering for spoke-to-spoke traffic. recommendation: Implement egress inspection or filtering for spoke-to-spoke traffic.,correct,Customer PII export container allows anonymous public read access,"The reported finding concerns the lack of egress inspection or filtering for traffic between components (spoke-to-spoke). Candidate C7 also describes a public access issue where data can be downloaded without inspection or filtering, which aligns with the finding's concern about uncontrolled egress.",
gs-07-azure-analytics-lake,prediction,4,agent,HIGH,4.2 Synapse and Power BI,"issue: The Synapse serverless SQL endpoint is queried by Power BI Service, which runs outside the bank's network, potentially exposing the Synapse serverless SQL to external attacks. recommendation: Implement a secure authentication and authorisation mechanism for Synapse serverless SQL to restrict access to only authorised Power BI Service instances.",TRAP,MUST-NOT-FLAG: Synapse exposed to the internet for Power BI Service refreshes,The reported finding specifically mentions the exposure of the Synapse serverless SQL endpoint to external attacks due to Power BI Service accessing it from outside the bank's network. Candidate C6 directly addresses this same issue of Synapse being exposed to the internet for Power BI Service refreshes.,
gs-07-azure-analytics-lake,prediction,5,agent,HIGH,10. Resilience and Disaster Recovery,"issue: The DR capability for dlstapprd relies on platform engineers activating a Contributor role on the TAP production subscription, which is a shared component with production. recommendation: Implement a separate DR capability in a separate failure domain, with a stated invocation decision path.",TRAP,MUST-NOT-FLAG: Standing Contributor access for platform engineers on production,"The reported finding specifically highlights the issue of platform engineers having Contributor access to the production TAP subscription for disaster recovery purposes, which is a shared component. Candidate C3 directly addresses this same issue of standing Contributor access for platform engineers on production.",
gs-07-azure-analytics-lake,prediction,6,agent,HIGH,4.1 Databricks,"issue: The design describes a flat network, as multiple workloads (Databricks workspace, data science teams, and engineering pipelines) are hosted in the same VNet (snet-dbw-host and snet-dbw-container) without explicit zone assignment. recommendation: Rezone the workloads into separate security zones, and explicitly state the trust relationship between zones.",correct,Data scientists can read raw PII zone through shared cluster service principal,"The reported finding focuses on the lack of network segmentation and the absence of defined trust relationships between different workloads within the same VNet. Candidate C2 also highlights a security misconfiguration related to access control and permissions within the Databricks environment, specifically concerning the ability of data scientists to access raw PII data through a shared service principal, which is a similar underlying weakness related to access control and network boundaries.",
gs-07-azure-analytics-lake,prediction,7,agent,HIGH,3.1 Sources and Pipelines,issue: Unspecified issue. recommendation: Remediation not specified by the reviewer; requires architect input.,correct,No data-plane access logging on lake and export storage; 30-day retention,"The reported finding mentions a lack of data-plane access logging and a short retention period, which directly aligns with the issue described in candidate C1 regarding the absence of StorageRead/StorageWrite/StorageDelete logs and the 30-day retention for lake and export storage.",
gs-07-azure-analytics-lake,prediction,8,rules_engine,HIGH,7. Data Protection and Secrets,"issue: Authorisation appears to be enforced in the client or gateway only, with the service trusting inbound identity claims. recommendation: Enforce object-level authorisation in the service that owns the data, on every request. Gateway and UI checks are usability features, not security controls.",correct,Data scientists can read raw PII zone through shared cluster service principal,"The reported finding highlights the risk of relying on external authorization (client/gateway) and trusting inbound identity claims, advocating for service-level object-level authorization. Candidate C1 describes a similar issue where the service (shared cluster) trusts the identity claims of a service principal, allowing unauthorized access to raw PII data.",
gs-07-azure-analytics-lake,prediction,9,correlation,HIGH,Cross-domain,"issue: The application relies on network segmentation for tenant isolation, but the network design has one flat segment. recommendation: Implement network segmentation to isolate tenants.",unmatched,,"The reported finding specifically mentions network segmentation and a flat network segment, which directly relates to the lack of tenant isolation. Candidate C1, regarding standing contributor access, doesn't address network segmentation or tenant isolation, and therefore doesn't match the reported finding.",
gs-07-azure-analytics-lake,prediction,10,correlation,HIGH,Cross-domain,"issue: The network design does not enforce egress inspection or filtering for spoke-to-spoke traffic, which is required by the application architecture. recommendation: Implement egress inspection or filtering for spoke-to-spoke traffic.",correct,Customer PII export container allows anonymous public read access,"The reported finding concerns the lack of egress inspection or filtering for spoke-to-spoke network traffic. Candidate C6 also describes a public access issue related to data being exposed, which aligns with the finding's concern about uncontrolled data flow, although it focuses on a different specific component.",
gs-07-azure-analytics-lake,prediction,11,rules_engine,HIGH,7. Data Protection and Secrets,"issue: Shared, generic or service accounts are used by humans. recommendation: Bind every human action to a named identity. Convert service accounts to workload identities with no interactive logon rights and vault any that must retain a password.",correct,Core banking database password stored in source control,"The reported finding specifically addresses the issue of shared or generic accounts being used by humans and the recommendation to bind actions to named identities and secure service accounts. Candidate C5 directly describes a password for an account stored in source control, which is a clear violation of this principle.",
gs-07-azure-analytics-lake,prediction,12,agent,MEDIUM,3.2 Lake Zones,"issue: The raw zone contains production data, which is not isolated from non-production environments. recommendation: Move production data to a separate, isolated environment, such as a data lake or a separate database.",correct,Unmasked production PII copied to non-production with broad contractor access,"The reported finding specifically highlights the issue of production data not being isolated from non-production environments, which directly aligns with candidate C4's description of unmasked production PII being copied to a non-production environment with broad access.",
gs-07-azure-analytics-lake,prediction,13,agent,MEDIUM,2. Architecture Overview,"issue: The design document describes secrets being stored in Azure Key Vault, but it does not mention secret rotation. recommendation: Implement secret rotation for the secrets stored in Azure Key Vault.",correct,Core banking database password stored in source control,"The reported finding specifically addresses the lack of secret rotation for secrets stored in Azure Key Vault. Candidate C2 also mentions storing a password in a Git repository, which is a similar issue of insecure credential management, although it doesn't explicitly involve Key Vault.",
gs-07-azure-analytics-lake,prediction,14,agent,MEDIUM,7. Data Protection and Secrets,"issue: The design does not explicitly state that secrets are held in the enterprise secret manager and injected at runtime, as required by [application-security-standard.md §6.1]. recommendation: Migrate the client secret and Event Hub credentials to the enterprise secret manager and inject them at runtime.",correct,Core banking database password stored in source control,"The reported finding specifically addresses the insecure storage and management of secrets (client secrets and Event Hub credentials) and the need to use an enterprise secret manager for runtime injection. Candidate C3 also describes a password stored insecurely (in source control) and recommends moving it to a Key Vault linked-service, which aligns with the finding's concern about secret management.",
gs-07-azure-analytics-lake,prediction,15,agent,MEDIUM,6. Identity and Access Model,"issue: The design describes privileged access using MFA, but the MFA method is not specified as phishing-resistant, violating [identity-access-standard.md §2.1]. recommendation: Change the Privileged Identity Management setup to use a phishing-resistant MFA method, such as FIDO2 security keys or platform passkeys.",correct,Core banking database password stored in source control,"The reported finding concerns privileged access and the lack of phishing-resistant MFA. Candidate C1 describes a credential (a password) being stored insecurely in source control, which is a form of privileged access compromise, making it the closest match.",
gs-07-azure-analytics-lake,prediction,16,agent,MEDIUM,9. Logging and Monitoring,"issue: Loss of log flow from any source is not described, which MUST itself raise an alert within one hour as required by [logging-detection-standard.md §5.3]. recommendation: Implement log-source health monitoring to raise an alert within one hour in case of log flow loss.",correct,No data-plane access logging on lake and export storage; 30-day retention,"The reported finding specifically addresses the lack of monitoring for log flow loss, which directly relates to the absence of data-plane access logging described in candidate C5. Both findings highlight a critical gap in auditing and detecting unauthorized data access or loss.",
gs-07-azure-analytics-lake,prediction,17,agent,MEDIUM,9. Logging and Monitoring,issue: Retention of diagnostic settings logs is shorter than 12 months as required by [logging-detection-standard.md §4.1]. recommendation: Increase retention period of diagnostic settings logs to 12 months or more as required by [logging-detection-standard.md §4.1].,correct,No data-plane access logging on lake and export storage; 30-day retention,"The reported finding specifically addresses the insufficient retention period of diagnostic settings logs, which directly relates to the lack of data-plane access logging and short retention (30 days) for storage logs described in candidate C2. Both findings highlight a deficiency in logging and monitoring practices.",
gs-07-azure-analytics-lake,prediction,18,agent,MEDIUM,4.1 Databricks,"issue: The design does not explicitly state the trust relationship between zones, as required by [segmentation-standard.md §2.1]. recommendation: Explicitly state the trust relationship between zones.",correct,Data scientists can read raw PII zone through shared cluster service principal,"The reported finding concerns the lack of explicit definition of trust relationships between security zones within the Databricks environment. Candidate C4 also describes a weakness related to access control and zone boundaries, specifically how a shared service principal grants data scientists access to zones they shouldn't have, violating the intended segmentation.",
gs-07-azure-analytics-lake,prediction,19,agent,MEDIUM,4.1 Databricks,"issue: The design does not mention spanning tree, which is required by [three-tier-lan-standard.md §4.2] for Layer 2 links. recommendation: Enable spanning tree (Rapid PVST+ or MST) on all Layer 2 domains.",correct,No data-plane access logging on lake and export storage; 30-day retention,"The reported finding concerns the lack of logging for data access within the Databricks environment, specifically mentioning data read, write, and deletion. Candidate C1 also highlights the absence of data-plane access logging on storage, mirroring the core issue of insufficient audit trails for data operations.",
gs-07-azure-analytics-lake,prediction,20,correlation,MEDIUM,Cross-domain,"issue: Data classification stated in one place (personal data fields) is violated by a flow described elsewhere (curated zone contains production data, which is not isolated from non-production environments). recommendation: Isolate production data from non-production environments.",correct,Unmasked production PII copied to non-production with broad contractor access,"The reported finding specifically highlights the lack of isolation between production and non-production environments, and candidate C6 directly addresses this by describing how unmasked production PII is copied to a non-production environment with broad access.",
gs-07-azure-analytics-lake,prediction,21,rules_engine,MEDIUM,Document (completeness),"issue: The design does not describe how data moves between components. Without a data flow, encryption-in-transit, boundary controls and data residency cannot be assessed at all - their absence from the findings below means they were unreviewable, not that they are sound. recommendation: Add a data flow diagram or a flow table listing, for each flow: source, destination, protocol, and what data it carries.",correct,Customer PII export container allows anonymous public read access,"The reported finding specifically highlights the lack of a data flow description, which prevents assessment of encryption-in-transit, boundary controls, and data residency. Candidate C1 directly relates to this by exposing unencrypted data (PII) accessible publicly, demonstrating a failure in boundary controls and data residency due to the missing data flow context.",
gs-07-azure-analytics-lake,prediction,22,rules_engine,MEDIUM,Whole document,"issue: No dependency, container or supply-chain scanning is described in the pipeline. recommendation: Add SCA and container image scanning as blocking pipeline gates, publish an SBOM per release, and fail the build on new critical CVEs in direct dependencies.",unmatched,,"The reported finding concerns the lack of security scanning within the build pipeline, specifically focusing on dependencies, containers, and the software supply chain. None of the candidate issues directly address this aspect of the architecture; they focus on access control, credential management, data handling, and logging, which are separate concerns.",
gs-07-azure-analytics-lake,prediction,23,rules_engine,MEDIUM,Whole document,"issue: No rate limiting or throttling is defined on externally reachable interfaces. recommendation: Apply per-client and per-endpoint rate limits at the gateway, with quotas tied to the authenticated principal, plus circuit breakers on downstream calls.",correct,Customer PII export container allows anonymous public read access,"The reported finding concerns the lack of rate limiting on externally reachable interfaces, which directly relates to the anonymous public read access to the customer PII export container (C1). This allows unauthorized access and potential data exfiltration, a direct consequence of missing rate limiting and access controls.",
gs-07-azure-analytics-lake,prediction,24,correlation,MEDIUM,Cross-domain,"issue: Identity or key material that spans a boundary the design claims is isolated (Databricks front end is published only through front doors, but the Conditional Access policy requires phishing-resistant MFA and an Intune-compliant device for Databricks). recommendation: Remove the Conditional Access policy requirement for phishing-resistant MFA and an Intune-compliant device for Databricks.",TRAP,MUST-NOT-FLAG: Remote data scientist access to transaction data without MFA or device controls,"The reported finding highlights a conflict between the claimed isolation of the Databricks front end (through front doors) and the Conditional Access policy requiring phishing-resistant MFA and Intune-compliant devices. Candidate C2 also describes a scenario where remote data scientists have access to transaction data without MFA or device controls, mirroring the core issue of access controls bypassing intended isolation.",
gs-07-azure-analytics-lake,prediction,25,rules_engine,MEDIUM,Whole document,"issue: No threat model or documented attack-surface analysis accompanies the design. recommendation: Produce a STRIDE or equivalent threat model covering every trust boundary in the design, with mitigations traced to specific controls and residual risks accepted by a named owner.",TRAP,MUST-NOT-FLAG: Remote data scientist access to transaction data without MFA or device controls,"The reported finding specifically calls out the lack of a threat model and attack surface analysis, which would identify potential vulnerabilities and associated mitigations across the entire architecture. Candidate C1 highlights a specific vulnerability (remote data scientist access without MFA) that a threat model should have identified and addressed.",
gs-07-azure-analytics-lake,missed_expected,,,HIGH,3.2 Lake Zones,F4: Pseudonymisation uses unsalted SHA-256 of low-entropy identifiers,MISSED,,,
gs-07-azure-analytics-lake,missed_expected,,,MEDIUM,3.2 Lake Zones; 10. Resilience and Disaster Recovery,"F7: No soft delete, immutability or backup for irreplaceable raw zone history",MISSED,,,
gs-08-branch-sdwan-vpn,prediction,1,agent,CRITICAL,8.2 Switches,"issue: The design uses SNMPv2c, which is a non-compliant pattern as per [network-management-standard.md §2.1]. recommendation: Replace SNMPv2c with SNMPv3 authPriv, per-device credentials issued from CyberArk, rotated every 90 days.",correct,SNMP v2c with a fleet-wide read-write community string,"The reported finding specifically addresses the use of SNMPv2c and its associated security risks, particularly the cleartext transmission of the community string and its accessibility from a broad VPN pool. Candidate C3 mirrors this exact concern regarding SNMPv2c, the read-write community string, and its exposure from the VPN pool.",
gs-08-branch-sdwan-vpn,prediction,2,agent,CRITICAL,1. Purpose and Scope,"issue: The design does not specify two WAN circuits from two different carriers for Tier 1 or Tier 2 sites, violating [routing-standard.md §4.1]. recommendation: Specify two WAN circuits from two different carriers, entering the building by physically diverse routes.",unmatched,,"The reported finding concerns the lack of redundancy in WAN circuits, specifically requiring two circuits from different carriers for Tier 1 and Tier 2 sites. Candidate C1, regarding SD-WAN edge management interfaces exposed to the internet, does not address WAN circuit redundancy or carrier diversity; it focuses on a different security concern related to management access.",
gs-08-branch-sdwan-vpn,prediction,3,agent,CRITICAL,3. WAN and Internet Breakout,"issue: The WAN design for Tier 1 and Tier 2 sites has a single circuit, violating [routing-standard.md §4.1]. recommendation: Add a second WAN circuit from a different carrier, entering the building by physically diverse routes.",unmatched,,"The reported finding specifically addresses the lack of redundancy in the WAN design, highlighting a single circuit as a violation of routing standards. None of the candidate issues relate to WAN circuit redundancy or physical diversity; therefore, none of them match.",
gs-08-branch-sdwan-vpn,prediction,4,rules_engine,CRITICAL,3. WAN and Internet Breakout,"issue: A single uplink, single device, or acknowledged single point of failure exists in the path. recommendation: Provide two uplinks terminating on two physically separate upstream devices. Validate that no single chassis, line card, power feed or path failure isolates the downstream segment.",TRAP,MUST-NOT-FLAG: SD-WAN edge management interfaces exposed to the internet,"The reported finding specifically addresses a single point of failure in the WAN/Internet breakout path, which aligns with the issue described in candidate C1 regarding SD-WAN edge management interfaces exposed to the internet and potentially creating a single point of failure.",
gs-08-branch-sdwan-vpn,prediction,5,agent,HIGH,8.1 Cloud Controller,"issue: The application implements its own identity store for employees, which is a HIGH violation of the authentication strength requirement. recommendation: Implement SAML federation with the corporate identity provider as planned.",correct,Shared cloud controller admin account with organisation-wide rights and no SSO,The reported finding specifically mentions a local identity store for employees and recommends SAML federation with a corporate identity provider. Candidate C2 directly addresses this issue by highlighting the use of local accounts on the cloud controller and recommending federation.,
gs-08-branch-sdwan-vpn,prediction,6,agent,HIGH,8.1 Cloud Controller,"issue: The cloud controller uses local dashboard accounts for administration, which is a HIGH violation of the centralised authentication requirement. recommendation: Replace local dashboard accounts with TACACS+ or RADIUS authentication backed by the enterprise directory.",correct,Shared cloud controller admin account with organisation-wide rights and no SSO,"The reported finding specifically addresses the use of local dashboard accounts for administration of the cloud controller, highlighting a lack of centralized authentication. Candidate C7 mirrors this exact issue by also describing a cloud controller with local accounts and broad organizational rights, creating a similar centralized authentication vulnerability.",
gs-08-branch-sdwan-vpn,prediction,7,agent,HIGH,8.1 Cloud Controller,"issue: The shared account, noc@brightwell-msp.example, is used by humans, which is a HIGH violation of the shared administrator or enable password requirement. recommendation: Replace the shared account with individual TACACS+ or RADIUS authentication backed by the enterprise directory.",correct,Shared cloud controller admin account with organisation-wide rights and no SSO,"The reported finding specifically highlights the use of a shared administrator account (noc@brightwell-msp.example) for the cloud controller, which grants organization-wide rights and lacks SSO or MFA. Candidate C1 mirrors this exact issue, describing a shared cloud controller admin account with organization-wide rights and no SSO.",
gs-08-branch-sdwan-vpn,prediction,8,agent,HIGH,6.1 Staff and Supplier VPN,"issue: The design assumes implicit trust from network location, as users authenticate with their Active Directory username and password without any additional MFA. recommendation: Implement MFA for all interactive access to enterprise systems, including VPN users.",correct,Internet-facing remote-access VPN uses password-only authentication,"The reported finding specifically highlights the lack of MFA for VPN users authenticating with Active Directory credentials, which directly aligns with the issue described in candidate C1 regarding password-only authentication for the internet-facing remote-access VPN.",
gs-08-branch-sdwan-vpn,prediction,9,agent,HIGH,6.1 Staff and Supplier VPN,"issue: Third-party staff receive internal directory accounts without expiry. recommendation: Federate partner and supplier identities rather than provision them as internal accounts, and scope them to specific resources with an expiry date.",correct,Third-party suppliers share the staff VPN pool with no supplier-specific controls,"The reported finding specifically addresses the issue of third-party staff receiving internal directory accounts without expiry and the recommendation to federate identities and scope access. Candidate C5 directly mirrors this concern by highlighting that third-party suppliers share the staff VPN pool without supplier-specific controls, leading to a lack of access restrictions and MFA, which aligns with the finding's focus on inadequate third-party account management.",
gs-08-branch-sdwan-vpn,prediction,10,agent,HIGH,9. Logging and Monitoring,"issue: Cloud audit logging is not enabled organisation-wide, and audit logs are stored in the same account as the workloads they record. recommendation: Enable cloud audit logging organisation-wide, and store audit logs in a separate logging account that workload administrators cannot access.",correct,Store firewall logs kept only 7 days and not sent to the SIEM,"The reported finding specifically addresses the issue of audit logs being stored in the same account as the workloads they record, which directly relates to log retention and access controls. Candidate C5 also highlights a similar issue of insufficient log retention and lack of forwarding to a central system (SIEM), indicating a shared weakness in log management practices.",
gs-08-branch-sdwan-vpn,prediction,11,agent,HIGH,8.2 Switches,"issue: Local accounts are described as the primary administrative access method, as per [network-management-standard.md §3.1]. recommendation: Replace local accounts with TACACS+ (preferred) or RADIUS, backed by the enterprise directory.",correct,Identical local fallback admin password on all store switches,"The reported finding specifically addresses the use of local accounts for administrative access on switches and recommends replacing them with TACACS+ or RADIUS. Candidate C7 also highlights a problem with local accounts (identical fallback passwords) on store switches, directly relating to the finding's concern about local account usage.",
gs-08-branch-sdwan-vpn,prediction,12,agent,HIGH,8.2 Switches,"issue: Management traffic shares a VLAN with user or server traffic, as per [network-management-standard.md §4.1]. recommendation: Create a dedicated VLAN/VRF for management traffic, with an ACL restricting source addresses to the management network and jump hosts.",correct,Switch management plane reachable from the shared staff and supplier VPN pool,"The reported finding specifically addresses the issue of management traffic sharing a VLAN with other traffic, which aligns with candidate C5's description of switch management plane accessibility from a shared VPN pool.",
gs-08-branch-sdwan-vpn,prediction,13,agent,HIGH,2. Design Summary,"issue: The design does not meet the WAN redundancy requirement for Tier 1 and Tier 2 sites, as it only describes two WAN circuits from the same carrier, Business broadband primary and 4G LTE backup. recommendation: Implement two WAN circuits from two different carriers, entering the building by physically diverse routes.",unmatched,,"The reported finding specifically addresses WAN redundancy requirements and the reliance on a single carrier with a backup from the same carrier, which isn't a core issue present in any of the other candidate issues. C1 discusses log retention and SIEM forwarding, which is a different security concern.",
gs-08-branch-sdwan-vpn,prediction,14,agent,HIGH,3. WAN and Internet Breakout,"issue: Inter-site traffic is described as unencrypted because the transport is public internet, violating [routing-standard.md §3.4]. recommendation: Encrypt inter-site traffic in transit, regardless of the transport provider's description of the circuit.",TRAP,MUST-NOT-FLAG: Store and payment traffic sent unencrypted over broadband internet,"The reported finding specifically addresses the lack of encryption for inter-site traffic traversing the public internet. Candidate C7 also highlights traffic being sent unencrypted over broadband internet, which aligns with this concern about data in transit.",
gs-08-branch-sdwan-vpn,prediction,15,agent,HIGH,3. WAN and Internet Breakout,"issue: The internet edge does not comprise a redundant firewall pair, IPS, and a separately-controlled outbound proxy or secure web gateway, violating [routing-standard.md §5.1]. recommendation: Implement a redundant firewall pair, IPS, and a separately-controlled outbound proxy or secure web gateway.",correct,Local internet breakout bypasses the web gateway for back-office PCs,"The reported finding specifically addresses the lack of a redundant firewall pair, IPS, and outbound proxy/secure web gateway at the internet edge. Candidate C4 also describes a weakness related to internet breakout and the absence of web filtering/IPS for store PCs, which aligns with the finding's focus on internet access controls.",
gs-08-branch-sdwan-vpn,prediction,16,agent,HIGH,5. Wireless,issue: The guest SSID is described without client isolation and a segment boundary. recommendation: Isolate the guest SSID in its own segment with no route to corporate resources.,TRAP,MUST-NOT-FLAG: Open guest Wi-Fi can reach internal store networks,"The reported finding specifically addresses the lack of client isolation and segmentation for the guest SSID, which directly relates to the risk of guest Wi-Fi reaching internal store networks as described in candidate C1. The other candidates address different security concerns (logging, port security, SD-WAN exposure, VLAN segmentation, cloud controller access, switch management access).",
gs-08-branch-sdwan-vpn,prediction,17,correlation,HIGH,Cross-domain,"issue: The cyber design assumes the network design provides implicit trust from network location, but the network design does not specify MFA for VPN users. recommendation: Specify MFA for VPN users in the network design.",correct,Internet-facing remote-access VPN uses password-only authentication,"The reported finding specifically highlights the lack of MFA for VPN users, which directly corresponds to the issue described in candidate C3 regarding the SSL VPN using only username and password authentication for 2,500 staff and supplier accounts.",
gs-08-branch-sdwan-vpn,prediction,18,rules_engine,HIGH,2. Design Summary,"issue: Backups are described without immutability, offline copy, or a tested restore. recommendation: Hold at least one immutable or air-gapped copy outside the production identity domain, and test restore at defined intervals with the result recorded against the stated RTO/RPO.",correct,Store firewall logs kept only 7 days and not sent to the SIEM,"The reported finding specifically addresses the lack of immutability, offline copies, and tested restores for backups, which directly relates to data protection and recovery capabilities. Candidate C2 also discusses backups and log retention, aligning with the finding's focus on inadequate backup practices.",
gs-08-branch-sdwan-vpn,prediction,19,rules_engine,HIGH,3. WAN and Internet Breakout,"issue: Backups are described without immutability, offline copy, or a tested restore. recommendation: Hold at least one immutable or air-gapped copy outside the production identity domain, and test restore at defined intervals with the result recorded against the stated RTO/RPO.",correct,Store firewall logs kept only 7 days and not sent to the SIEM,"The reported finding concerns backups lacking immutability, offline copies, and tested restores, highlighting a data protection deficiency. Candidate C5 also addresses a data protection deficiency, specifically concerning inadequate log retention and forwarding to a SIEM, which is a form of data protection.",
gs-08-branch-sdwan-vpn,prediction,20,rules_engine,HIGH,7. Security Controls,"issue: Backups are described without immutability, offline copy, or a tested restore. recommendation: Hold at least one immutable or air-gapped copy outside the production identity domain, and test restore at defined intervals with the result recorded against the stated RTO/RPO.",unmatched,,"The reported finding specifically addresses the lack of immutability, offline copies, and tested restores for backups, highlighting a critical vulnerability related to data protection and recovery. Candidate C1 discusses inadequate log retention, which is a related but distinct issue concerning monitoring and incident response, not backup integrity itself.",
gs-08-branch-sdwan-vpn,prediction,21,rules_engine,HIGH,8.1 Cloud Controller,"issue: Shared, generic or service accounts are used by humans. recommendation: Bind every human action to a named identity. Convert service accounts to workload identities with no interactive logon rights and vault any that must retain a password.",correct,Shared cloud controller admin account with organisation-wide rights and no SSO,"The reported finding focuses on the use of shared or generic accounts and the need to bind actions to named identities, restricting interactive logon rights, and vaulting passwords. Candidate C7 directly addresses this issue by highlighting a shared cloud controller admin account with organization-wide rights and no SSO, which aligns with the finding's concern about shared credentials and lack of accountability.",
gs-08-branch-sdwan-vpn,prediction,22,agent,MEDIUM,9. Logging and Monitoring,"issue: The SIEM retains logs for 12 months, but the edge firewall event and traffic logs are held in the cloud controller for only seven days. recommendation: Store edge firewall event and traffic logs in the SIEM for 12 months, in addition to the cloud controller.",correct,Store firewall logs kept only 7 days and not sent to the SIEM,"The reported finding specifically addresses the issue of store edge firewall logs being retained for only seven days in the cloud controller and not being sent to the SIEM, which is directly mirrored in candidate C6. Both findings highlight the inadequate log retention and lack of SIEM integration for store firewalls.",
gs-08-branch-sdwan-vpn,prediction,23,agent,MEDIUM,4. Store LAN Design,"issue: The store's internal firewall zone (VLANs 20–50) permits all traffic between VLANs within the internal zone, which may violate the requirement for micro-segmentation where workloads support differing applications. recommendation: Implement east-west controls to constrain server-to-server traffic within the zone.",correct,POS / cardholder data VLAN not segmented from other store VLANs,"The reported finding specifically addresses the lack of micro-segmentation and the permissive traffic flow (any-to-any) between VLANs within the store's internal zone, which directly aligns with the issue described in candidate C4 regarding the POS/cardholder data VLAN sharing a zone with other devices and allowing unrestricted traffic.",
gs-08-branch-sdwan-vpn,prediction,24,agent,MEDIUM,6.2 POS Vendor Support,"issue: The design allows unrestricted east-west traffic between the POS server and any source address, violating the segmentation-standard.md §3.2 requirement for micro-segmentation. recommendation: Implement a stateful enforcement point to inspect inter-zone traffic between the POS server and any source address.",correct,POS / cardholder data VLAN not segmented from other store VLANs,"The reported finding specifically mentions unrestricted east-west traffic between the POS server and any source address, violating micro-segmentation. Candidate C1 directly describes the POS VLAN sharing a zone with other devices and allowing any-to-any traffic, which is the same underlying issue.",
gs-08-branch-sdwan-vpn,prediction,25,agent,MEDIUM,7. Security Controls,"issue: Inter-site traffic is described as encrypted, but the LTE backup is not explicitly stated to be encrypted. recommendation: Verify that the LTE backup is encrypted in transit, and if not, implement encryption.",TRAP,MUST-NOT-FLAG: Store and payment traffic sent unencrypted over broadband internet,"The reported finding specifically addresses the lack of encryption for traffic traversing the LTE backup connection. Candidate C1 also describes unencrypted traffic traversing a public network (broadband internet), which aligns with the core concern of the finding regarding encryption in transit.",
gs-08-branch-sdwan-vpn,prediction,26,agent,MEDIUM,5. Wireless,"issue: The corporate SSID uses WPA2-Enterprise, but the standard requires WPA2-Enterprise or WPA3-Enterprise with 802.1X and EAP-TLS. recommendation: Migrate the corporate SSID to WPA3-Enterprise with 802.1X and EAP-TLS.",correct,"No 802.1X, NAC or port security on store switch ports","The reported finding specifically addresses the wireless security protocol (WPA2-Enterprise vs. WPA3-Enterprise) and its implementation with 802.1X and EAP-TLS. Candidate C5 also mentions a lack of 802.1X authentication on switch ports, which is related to the overall wireless access control and authentication mechanism.",
gs-08-branch-sdwan-vpn,prediction,27,rules_engine,MEDIUM,Document (completeness),"issue: The design does not classify the data it handles. Retention, residency, encryption strength and access-logging requirements all derive from classification, so none of them can be checked. recommendation: State, per data store and per flow, the classification of the data held or carried (for example Public / Internal / Confidential / PHI).",correct,POS / cardholder data VLAN not segmented from other store VLANs,"The reported finding highlights the lack of data classification, which directly impacts security controls like segmentation, encryption, and logging. Candidate C1 describes a lack of segmentation (POS VLAN not isolated), which is a direct consequence of not classifying data and understanding its sensitivity.",
gs-08-branch-sdwan-vpn,prediction,28,correlation,MEDIUM,Cross-domain,"issue: The network design assumes the cloud controller provides configuration and monitoring for store devices, but the cloud design does not specify configuration and monitoring for store devices. recommendation: Specify configuration and monitoring for store devices in the cloud design.",correct,Shared cloud controller admin account with organisation-wide rights and no SSO,"The reported finding highlights a disconnect between the network design's reliance on the cloud controller for store device management and the lack of corresponding specifications within the cloud design itself. Candidate C1, concerning the shared cloud controller admin account, directly addresses this issue by pointing out the lack of proper identity federation and MFA for the cloud controller, which is essential for managing store devices.",
gs-08-branch-sdwan-vpn,prediction,29,correlation,MEDIUM,Cross-domain,"issue: The network design assumes the cloud controller provides encryption for inter-site traffic, but the cloud design does not specify encryption for the LTE backup. recommendation: Specify encryption for the LTE backup in the cloud design.",TRAP,MUST-NOT-FLAG: Store and payment traffic sent unencrypted over broadband internet,"The reported finding specifically mentions encryption for inter-site traffic and the LTE backup, highlighting a lack of encryption in a backup connectivity scenario. Candidate C2 also addresses unencrypted traffic over broadband internet, which aligns with the concern about the LTE backup.",
gs-08-branch-sdwan-vpn,prediction,30,rules_engine,MEDIUM,Whole document,"issue: No threat model or documented attack-surface analysis accompanies the design. recommendation: Produce a STRIDE or equivalent threat model covering every trust boundary in the design, with mitigations traced to specific controls and residual risks accepted by a named owner.",TRAP,MUST-NOT-FLAG: Store and payment traffic sent unencrypted over broadband internet,"The reported finding specifically calls out the lack of a threat model and attack surface analysis, which would identify potential vulnerabilities and associated mitigations. Candidate C1, regarding unencrypted traffic, represents a potential vulnerability that a threat model should identify and address.",
gs-08-branch-sdwan-vpn,prediction,31,agent,LOW,10. Resilience,"issue: The design does not state the expected failover time for WAN redundancy, which is claimed. recommendation: State the expected failover time for WAN redundancy in the design document.",unmatched,,"The reported finding concerns the lack of a specified failover time for WAN redundancy, which relates to the resilience of the network. None of the candidate issues directly address this aspect of WAN failover or redundancy; therefore, no candidate matches.",
gs-08-branch-sdwan-vpn,missed_expected,,,CRITICAL,6.2 POS Vendor Support,F1: VNC to in-store POS servers port-forwarded from any internet address,MISSED,,,
gs-09-payments-tokenization,prediction,1,agent,CRITICAL,2. Architecture Overview,"issue: The internal reporting API has no authentication as it sits behind the firewall. recommendation: Implement authentication for the internal reporting API, such as OAuth 2.0, and document the exception in the design.",TRAP,MUST-NOT-FLAG: Detokenization API exposes full PANs to callers,"The reported finding specifically highlights a lack of authentication on an internal API, which exposes it to potential unauthorized access. Candidate C1, regarding the Detokenization API exposing full PANs, also points to a vulnerability related to unauthorized access and data exposure, making it the closest match.",
gs-09-payments-tokenization,prediction,2,agent,HIGH,1. A merchant gateway service calls `POST /v2/tokens` with the PAN and expiry date.,"issue: The Tokenization API validates the input (length 13–19, Luhn check, known BIN range) and asks the HSM for an HMAC of the PAN, which is used to find an existing token. recommendation: Validate the input on every request, not just at the gateway.",correct,No real-time alerting on break-glass account use in the CDE,"The reported finding focuses on input validation and the risk of bypassing controls, specifically highlighting a potential weakness in the tokenization API's validation process. Candidate C1 mirrors this concern by pointing out a bypass of PAM and FIDO2 controls via the break-glass IAM user, which similarly represents a failure in access control and validation.",
gs-09-payments-tokenization,prediction,3,agent,HIGH,1. Purpose and Scope,"issue: Token handling: The design does not specify token validation on every request, which is required by [application-security-standard.md §3.4]. recommendation: Implement JWT access token validation on every request, including signature, issuer, audience, expiry, and not-before checks, and reject the `none` algorithm.",TRAP,MUST-NOT-FLAG: Tokens leak PAN digits / tokens are reversible,"The reported finding specifically addresses the lack of token validation, focusing on the security implications of not verifying tokens on each request. Candidate C3, 'Tokens leak PAN digits / tokens are reversible,' directly relates to the security of tokens and their potential for compromise, aligning with the reported finding's concern about inadequate token handling.",
gs-09-payments-tokenization,prediction,4,agent,HIGH,4. The token is returned to the caller.,"issue: The token handling does not validate tokens on every request, as required by [application-security-standard.md §3.4]. recommendation: Implement token validation on every request, including signature, issuer, audience, expiry, and not-before checks.",TRAP,MUST-NOT-FLAG: Tokens leak PAN digits / tokens are reversible,"The reported finding concerns the lack of token validation, specifically mentioning signature, issuer, audience, expiry, and not-before checks. Candidate C2 directly addresses the reversibility of tokens, implying a lack of proper validation and security controls around token integrity, which aligns with the reported finding's concern.",
gs-09-payments-tokenization,prediction,5,agent,HIGH,5.1 Service identity,"issue: The detokenize operation has a single point of failure, as it relies on a specific set of identities to function correctly. recommendation: Implement a more robust authentication mechanism to prevent single points of failure.",TRAP,MUST-NOT-FLAG: Detokenization API exposes full PANs to callers,"The reported finding specifically mentions a single point of failure related to the detokenize operation and authentication, which aligns directly with candidate C4's description of the detokenization API exposing full PANs. This exposure creates a single point of failure as it relies on the security of the callers and their ability to handle sensitive data responsibly.",
gs-09-payments-tokenization,prediction,6,agent,HIGH,5.1 Service identity,issue: There is no defined cryptoperiod for workload client certificates. recommendation: Define a cryptoperiod for workload client certificates and implement a rotation mechanism.,correct,"Long-lived, manually renewed mTLS workload certificates","The reported finding specifically highlights the risk of long-lived client certificates and the lack of a rotation mechanism, which directly aligns with the issue described in candidate C2 regarding manually renewed mTLS workload certificates and the associated risks of prolonged validity and potential outages.",
gs-09-payments-tokenization,prediction,7,agent,HIGH,6. Data Protection and Key Management,"issue: Key custody is not described as being in an HSM or a managed KMS backed by FIPS 140-2 Level 2 or higher, as required by [cryptography-key-management-standard.md §5.1]. recommendation: Migrate key material to an HSM or a managed KMS backed by FIPS 140-2 Level 2 or higher.",TRAP,MUST-NOT-FLAG: Encryption keys duplicated to the DR region / key exposure during replication,"The reported finding specifically addresses the lack of secure key custody, mentioning the requirement for an HSM or managed KMS with FIPS 140-2 Level 2 or higher. Candidate C4 also discusses encryption keys and their exposure during replication to a DR region, which directly relates to key custody and security.",
gs-09-payments-tokenization,prediction,8,correlation,HIGH,Cross-domain,"issue: The application returns sensitive data in plaintext, but the data protection and key management section states that keys never leave the HSM in plaintext. recommendation: Return sensitive data encrypted.",TRAP,MUST-NOT-FLAG: Encryption keys duplicated to the DR region / key exposure during replication,"The reported finding specifically highlights the contradiction between plaintext data exposure and the stated key management policy of keys never leaving the HSM in plaintext. Candidate C4 also describes a key exposure scenario (encryption keys duplicated to the DR region), directly aligning with this concern about plaintext key handling and data protection.",
gs-09-payments-tokenization,prediction,9,correlation,HIGH,Cross-domain,"issue: The application stores sensitive data in plaintext, but the data protection and key management section states that keys never leave the HSM in plaintext. recommendation: Store sensitive data encrypted.",TRAP,MUST-NOT-FLAG: Vault backups copied outside the CDE / backups not protected,"The reported finding specifically highlights the contradiction between storing sensitive data in plaintext and the stated policy of keys never leaving the HSM in plaintext. Candidate C4 also describes a situation where backups (containing sensitive data) are copied outside the CDE and not adequately protected, which aligns with the core issue of sensitive data exposure.",
gs-09-payments-tokenization,prediction,10,rules_engine,HIGH,1. Purpose and Scope,"issue: Sensitive or regulated data is handled without a stated classification, residency constraint or retention period. recommendation: Record the classification of every data set the system holds, the jurisdictions it may reside in, the lawful retention period, and the disposal method. Route regulated data only through services approved for that classification.",TRAP,MUST-NOT-FLAG: Detokenization API exposes full PANs to callers,"The reported finding highlights the lack of data governance controls (classification, residency, retention) for sensitive data. Candidate C1 directly exposes PANs, a type of sensitive cardholder data, without any stated controls or governance, aligning with the finding's concern about handling sensitive data without proper classification or controls.",
gs-09-payments-tokenization,prediction,11,correlation,HIGH,Cross-domain,"issue: The application stores sensitive data in plaintext, but the data protection and key management section states that keys never leave the HSM in plaintext. recommendation: Store sensitive data encrypted.",TRAP,MUST-NOT-FLAG: Encryption keys duplicated to the DR region / key exposure during replication,"The reported finding specifically highlights the contradiction between storing sensitive data in plaintext and the stated policy of keys never leaving the HSM in plaintext. Candidate C4 also describes a key exposure issue related to encryption keys, directly aligning with this concern about plaintext key handling and potential data compromise.",
gs-09-payments-tokenization,prediction,12,rules_engine,HIGH,2. Architecture Overview,"issue: Backups are described without immutability, offline copy, or a tested restore. recommendation: Hold at least one immutable or air-gapped copy outside the production identity domain, and test restore at defined intervals with the result recorded against the stated RTO/RPO.",TRAP,MUST-NOT-FLAG: Vault backups copied outside the CDE / backups not protected,"The reported finding specifically addresses the lack of immutability, offline copies, and tested restores for backups, which directly aligns with candidate C2's description of backups being copied outside the CDE without adequate protection.",
gs-09-payments-tokenization,prediction,13,rules_engine,HIGH,6. Data Protection and Key Management,"issue: Backups are described without immutability, offline copy, or a tested restore. recommendation: Hold at least one immutable or air-gapped copy outside the production identity domain, and test restore at defined intervals with the result recorded against the stated RTO/RPO.",TRAP,MUST-NOT-FLAG: Vault backups copied outside the CDE / backups not protected,"The reported finding specifically addresses the lack of immutability, offline copies, and tested restores for backups, which directly relates to the security and protection of backups. Candidate C4 mirrors this concern by stating that 'Vault backups are copied outside the CDE / backups not protected', indicating a similar deficiency in backup security practices.",
gs-09-payments-tokenization,prediction,14,rules_engine,HIGH,9. Backup and Disaster Recovery,"issue: Backups are described without immutability, offline copy, or a tested restore. recommendation: Hold at least one immutable or air-gapped copy outside the production identity domain, and test restore at defined intervals with the result recorded against the stated RTO/RPO.",TRAP,MUST-NOT-FLAG: Vault backups copied outside the CDE / backups not protected,"The reported finding specifically addresses the lack of immutability, offline copies, and tested restores for backups, which directly relates to the security and protection of vault backups. Candidate C3 mirrors this concern by highlighting that vault backups are copied outside the CDE and are not adequately protected.",
gs-09-payments-tokenization,prediction,15,agent,MEDIUM,3.2 Detokenization,"issue: The Detokenization API returns the full PAN in the response body, violating [application-security-standard.md §3.4] Token handling. recommendation: Validate the token on every request for signature, issuer, audience, expiry, and not-before, and reject the `none` algorithm.",TRAP,MUST-NOT-FLAG: Detokenization API exposes full PANs to callers,"The reported finding specifically mentions the Detokenization API returning full PANs, which directly aligns with candidate C4's description of the Detokenization API exposing full PANs. C1 discusses break-glass account use and is unrelated to token handling or the Detokenization API.",
gs-09-payments-tokenization,prediction,16,agent,MEDIUM,Kestrel Token Vault (KTV) Release 2 — High-Level Design,"issue: The KTV Release 2 design does not explicitly state that JWT access tokens are validated on every request for signature, issuer, audience, expiry, and not-before, as required by [application-security-standard.md §3.4]. recommendation: Validate JWT access tokens on every request for signature, issuer, audience, expiry, and not-before, and reject the `none` algorithm.",TRAP,MUST-NOT-FLAG: Tokens leak PAN digits / tokens are reversible,"The reported finding concerns the validation of JWT access tokens, specifically highlighting a lack of comprehensive checks (signature, issuer, audience, expiry, not-before) on every request. Candidate C1, which mentions tokens being reversible and potentially leaking PAN digits, directly relates to the security of the tokens themselves and their potential compromise, aligning with the finding's focus on token validation and integrity.",
gs-09-payments-tokenization,prediction,17,agent,MEDIUM,8. Build and Platform Hardening,"issue: The CI/CD pipeline does not include container image scanning as a blocking gate, as required by [secure-sdlc-standard.md §4.1]. recommendation: Add container image scanning as a blocking gate in the CI/CD pipeline.",TRAP,MUST-NOT-FLAG: Vault backups copied outside the CDE / backups not protected,"The reported finding concerns the absence of a security control (container image scanning) within the CI/CD pipeline, which is a build and platform hardening issue. Candidate C1, regarding unprotected backups, also represents a failure to implement a necessary security control, albeit in a different area of the system.",
gs-09-payments-tokenization,prediction,18,agent,MEDIUM,5.1 Service identity,"issue: Certificate renewal is manual, which increases the risk of expiry outages. recommendation: Automate certificate renewal and expiry monitoring.",correct,"Long-lived, manually renewed mTLS workload certificates",The reported finding specifically highlights the risk associated with manual certificate renewal processes and the potential for outages due to certificate expiry. Candidate C2 mirrors this concern by explicitly mentioning manually renewed mTLS workload certificates and the risks of outages and inconsistent handling.,
gs-09-payments-tokenization,prediction,19,agent,MEDIUM,6. Data Protection and Key Management,"issue: Rotation requires re-encrypting all data with downtime, which is not allowed by [cryptography-key-management-standard.md §5.2]. recommendation: Implement rotation without re-encrypting all data with downtime.",TRAP,MUST-NOT-FLAG: Encryption keys duplicated to the DR region / key exposure during replication,"The reported finding specifically addresses the issue of key rotation requiring re-encryption and downtime, violating a standard. Candidate C3 also concerns key management and the potential for key exposure during replication, which is directly related to the key rotation process and its impact.",
gs-09-payments-tokenization,prediction,20,agent,MEDIUM,5.2 Human access,"issue: Break-glass sessions are reviewed during the monthly access review, but the design does not mention recertification of entitlements for the break-glass account. recommendation: Recertify entitlements for the break-glass account every three months, as per [identity-access-standard.md §5.2] Access review.",correct,No real-time alerting on break-glass account use in the CDE,"The reported finding focuses on the lack of recertification for break-glass accounts, highlighting a potential weakness in access control and privilege management. Candidate C4 also addresses the break-glass account and its potential for unnoticed misuse, indicating a similar underlying concern about privileged access.",
gs-09-payments-tokenization,prediction,21,agent,MEDIUM,5.2 Human access,"issue: Privileged access uses FIDO2 MFA, but the design does not mention just-in-time role elevation with a time limit, an approval, and a stated reason for the PAM tool. recommendation: Implement just-in-time role elevation with a time limit, an approval, and a stated reason for the PAM tool.",TRAP,MUST-NOT-FLAG: Cardholder data leaking to the SIEM outside the CDE,"The reported finding concerns privileged access management (PAM) and the lack of controls around role elevation, specifically mentioning a need for just-in-time elevation with approvals and time limits. Candidate C3 also addresses a lack of real-time alerting and oversight of privileged access (break-glass account), which is a related weakness in PAM controls.",
gs-09-payments-tokenization,prediction,22,agent,MEDIUM,7. Logging and Monitoring,issue: Administrative and break-glass access events are not explicitly mentioned in the mandatory event set. recommendation: Include administrative and break-glass access events in the logging.,correct,No real-time alerting on break-glass account use in the CDE,"The reported finding specifically highlights the lack of logging for administrative and break-glass access events, which directly relates to the potential for undetected misuse of privileged access – a weakness described in candidate C4. C1 is about data leakage, which is a different issue.",
gs-09-payments-tokenization,prediction,23,agent,MEDIUM,7. Logging and Monitoring,"issue: Authentication success and failure events are not explicitly mentioned in the mandatory event set. recommendation: Include authentication success and failure events in the logging, with source.",correct,No real-time alerting on break-glass account use in the CDE,"The reported finding concerns the lack of explicit logging for authentication events, which could indicate a broader issue of insufficient monitoring and potential data exposure. Candidate C2 also highlights a monitoring gap related to privileged access and potential misuse, aligning with the finding's concern about inadequate logging and alerting.",
gs-09-payments-tokenization,prediction,24,agent,MEDIUM,7. Logging and Monitoring,"issue: Retention is shorter than the standard requirement of 12 months, with only the latest three months immediately searchable. recommendation: Increase retention to 12 months with the most recent 90 days immediately searchable.",unmatched,,"The reported finding concerns data retention policies and searchability, specifically highlighting a deviation from a standard 12-month retention requirement. None of the candidate issues address data retention or searchability; they focus on encryption, certificate management, data leakage, and alerting, respectively.",
gs-09-payments-tokenization,prediction,25,correlation,MEDIUM,Cross-domain,"issue: The application relies on network segmentation for tenant isolation, but the network design has one flat segment. recommendation: Implement network segmentation for tenant isolation.",correct,"Long-lived, manually renewed mTLS workload certificates","The reported finding concerns the lack of network segmentation for tenant isolation, which directly relates to the security boundary between tenants. Candidate C1 describes a long-lived certificate issue, which could be exploited if a compromised workload gains access across the flat network segment, thus exposing tenants to each other.",
gs-09-payments-tokenization,prediction,26,rules_engine,MEDIUM,Document (completeness),"issue: The design does not describe how data moves between components. Without a data flow, encryption-in-transit, boundary controls and data residency cannot be assessed at all - their absence from the findings below means they were unreviewable, not that they are sound. recommendation: Add a data flow diagram or a flow table listing, for each flow: source, destination, protocol, and what data it carries.",TRAP,MUST-NOT-FLAG: Encryption keys duplicated to the DR region / key exposure during replication,"The reported finding highlights the lack of data flow description, which directly impacts the ability to assess encryption-in-transit and data residency. Candidate C1 describes key replication between regions, which inherently involves data movement and therefore is affected by the absence of a defined data flow.",
gs-09-payments-tokenization,prediction,27,rules_engine,MEDIUM,Whole document,"issue: No dependency, container or supply-chain scanning is described in the pipeline. recommendation: Add SCA and container image scanning as blocking pipeline gates, publish an SBOM per release, and fail the build on new critical CVEs in direct dependencies.",TRAP,MUST-NOT-FLAG: Cardholder data leaking to the SIEM outside the CDE,"The reported finding concerns the lack of security scanning practices (SCA, container scanning, SBOM generation, CVE monitoring) within the build pipeline, which directly relates to the security posture of the KTV system and its dependencies. This aligns with the potential for data leakage (C1) if vulnerable dependencies are exploited.",
gs-09-payments-tokenization,prediction,28,correlation,MEDIUM,Cross-domain,"issue: The application requires 12 months of data retention, but the logging and monitoring section states that retention is shorter than the standard requirement of 12 months. recommendation: Increase retention to 12 months.",TRAP,MUST-NOT-FLAG: Cardholder data leaking to the SIEM outside the CDE,"The reported finding concerns a discrepancy between stated data retention requirements and actual logging/monitoring retention periods. This aligns with candidate C4, which describes cardholder data leaking to the SIEM outside the CDE, indicating a potential failure to properly retain and monitor data as required.",
gs-09-payments-tokenization,prediction,29,agent,MEDIUM,4. Network Design,issue: Unspecified issue. recommendation: Remediation not specified by the reviewer; requires architect input.,correct,No real-time alerting on break-glass account use in the CDE,"The reported finding highlights a lack of real-time alerting for the break-glass account, specifically mentioning its bypass of security controls and infrequent review, which directly aligns with the concern raised in candidate C1 about the lack of alerting for break-glass account usage.",
gs-09-payments-tokenization,prediction,30,rules_engine,MEDIUM,Whole document,"issue: No threat model or documented attack-surface analysis accompanies the design. recommendation: Produce a STRIDE or equivalent threat model covering every trust boundary in the design, with mitigations traced to specific controls and residual risks accepted by a named owner.",correct,"Long-lived, manually renewed mTLS workload certificates","The reported finding specifically highlights the lack of a threat model and attack surface analysis, which is a fundamental design deficiency. Candidate C1, concerning long-lived, manually renewed certificates, directly relates to this as it exposes a significant attack surface and lacks a proactive threat mitigation strategy (a proper certificate lifecycle management plan derived from a threat model).",
gs-09-payments-tokenization,prediction,31,rules_engine,LOW,Document (completeness),"issue: The design does not name its external or third-party dependencies. Data leaving to a third party, and under what agreement, cannot be assessed. recommendation: List every external system the design talks to, what data it receives, and the agreement that covers it - or state explicitly that there are none.",TRAP,MUST-NOT-FLAG: Cardholder data leaking to the SIEM outside the CDE,"The reported finding specifically highlights the lack of documentation regarding external dependencies and data flows, which directly relates to the potential for data leakage to external systems like the SIEM (C1). The finding's concern about data leaving the CDE aligns with the risk described in C1.",
gs-10-hr-portal,prediction,1,agent,CRITICAL,2. System Overview,issue: Unspecified issue. recommendation: Remediation not specified by the reviewer; requires architect input.,unmatched,,"The reported finding is vague and doesn't specify a particular weakness, indicating it requires architect input to determine the issue. Because of this generality, it doesn't align with any of the specific vulnerabilities described in the candidate issues.",
gs-10-hr-portal,prediction,2,agent,HIGH,3.1 Employee self-service,"issue: The application does not verify the content-type of uploaded files, potentially allowing untrusted data to be deserialised into arbitrary types. recommendation: Implement content-type verification and malware scanning for uploaded files.",TRAP,MUST-NOT-FLAG: Unrestricted or unscanned document uploads,"The reported finding specifically mentions the lack of content-type verification and malware scanning for uploaded files, which directly corresponds to the issue described in candidate C3 regarding unrestricted and unscanned document uploads.",
gs-10-hr-portal,prediction,3,agent,HIGH,"8. Logging, Monitoring and Operations","issue: The SIEM does not appear to be logging all mandatory event categories, specifically authentication success and failure, authorisation denials, privilege escalation and role assignment changes, account lifecycle events, configuration and policy changes, administrative and break-glass access, data export or bulk read operations above a defined threshold, and security control state changes. recommendation: Enable logging for the missing categories in the SIEM.",correct,Record-level HR data access logs kept only 90 days and not sent to the SIEM,"The reported finding specifically addresses missing logging categories within the SIEM, and candidate C4 also concerns record-level HR data access logs not being sent to the SIEM, indicating a similar deficiency in logging practices.",
gs-10-hr-portal,prediction,4,agent,HIGH,"8. Logging, Monitoring and Operations","issue: The SIEM does not appear to be logging cloud control-plane audit logs, which are required for cloud control-plane audit logs to be enabled in every account and region, delivered to a separate logging account that workload administrators cannot access, and protected from deletion. recommendation: Enable cloud control-plane audit logging in every account and region, and deliver the logs to a separate logging account that workload administrators cannot access.",correct,Record-level HR data access logs kept only 90 days and not sent to the SIEM,"The reported finding specifically addresses the lack of logging of cloud control-plane audit logs and their delivery to a secure, separate logging account. Candidate C1 also concerns a logging deficiency – specifically, the short retention period and lack of SIEM integration for critical HR data access logs.",
gs-10-hr-portal,prediction,5,agent,HIGH,9. Backup and Disaster Recovery,"issue: The immutability policy on the document containers does not meet the requirement for at least one backup copy to be immutable or offline, held outside the production identity and network domain. recommendation: Implement an offline copy of the backups, or ensure the immutability policy meets the requirement.",TRAP,MUST-NOT-FLAG: Unrestricted or unscanned document uploads,"The reported finding specifically addresses the need for backups to be immutable or offline, held outside the production environment, to protect against data loss or corruption. This aligns with the concern about unrestricted uploads (C1) as a potential source of data compromise that would necessitate robust backup and recovery measures.",
gs-10-hr-portal,prediction,6,agent,HIGH,9. Backup and Disaster Recovery,"issue: The RTO of four hours is not in line with the requirement for quarterly restore testing for Tier 1 systems. recommendation: Schedule quarterly restore testing for the Azure SQL database, and adjust the RTO to align with the testing frequency.",unmatched,,"The reported finding concerns the alignment of Recovery Time Objective (RTO) with restore testing frequency, specifically for the Azure SQL database. None of the candidate issues address database recovery or testing procedures; therefore, none match.",
gs-10-hr-portal,prediction,7,correlation,HIGH,Cross-domain,"issue: The SIEM does not appear to be logging cloud control-plane audit logs, which are required for cloud control-plane audit logs to be enabled in every account and region, delivered to a separate logging account that workload administrators cannot access, and protected from deletion. recommendation: Ensure the SIEM logs cloud control-plane audit logs.",correct,Record-level HR data access logs kept only 90 days and not sent to the SIEM,"The reported finding specifically addresses a lack of logging of cloud control-plane audit logs and their protection, which aligns with candidate C4's description of record-level HR data access logs not being sent to the SIEM and having a limited retention period. Both findings highlight a deficiency in security logging and its forwarding to a central security monitoring system.",
gs-10-hr-portal,prediction,8,agent,MEDIUM,5. Integrations,"issue: The application does not validate input server-side against a positive schema for the Entra ID provisioning and Payfield Ltd integrations, which are described as trusted because they originate from other internal services. recommendation: Implement server-side input validation for these integrations using a positive schema.",correct,No defined rotation for payroll SFTP and PGP signing keys,"The reported finding specifically highlights the lack of server-side input validation for integrations, focusing on the risk of accepting untrusted data. Candidate C1 addresses a similar risk of unauthorized actions (payroll changes) due to a lack of key rotation, which is a form of validation/control failure.",
gs-10-hr-portal,prediction,9,agent,MEDIUM,6. Identity and Access Control,"issue: The application uses the authorisation code flow with PKCE, but it does not use the enterprise identity provider via OIDC or SAML as required by [application-security-standard.md §3.2]. recommendation: Implement OIDC or SAML authentication with the enterprise identity provider.",correct,No defined rotation for payroll SFTP and PGP signing keys,"The reported finding concerns the application's authentication mechanism and its deviation from the required enterprise identity provider integration. Candidate C1, regarding the lack of key rotation, also represents a failure to adhere to a defined security standard and best practice, albeit in a different area (key management rather than authentication).",
gs-10-hr-portal,prediction,10,agent,MEDIUM,4. Hosting and Network Layout,"issue: Azure SQL, the storage account, and Key Vault are reachable over private endpoints, but this does not meet the requirement of [cloud-landing-zone-standard.md §5.2] that access to platform data services MUST use private endpoints. recommendation: Update the design to use private endpoints for all platform data services, including Azure SQL, the storage account, and Key Vault.",correct,No defined rotation for payroll SFTP and PGP signing keys,"The reported finding specifically addresses the requirement for using private endpoints for platform data services like Azure SQL, storage account, and Key Vault. Candidate C1, regarding SFTP and PGP keys, also involves a critical data service (Payfield) and a lack of proper rotation, which is a similar failure to adhere to a security standard.",
gs-10-hr-portal,prediction,11,agent,MEDIUM,7. Data Protection,"issue: The payroll change file is encrypted with Payfield's PGP public key, which is not a customer-managed key. recommendation: Use a customer-managed key for encrypting the payroll change file.",TRAP,MUST-NOT-FLAG: Bank details sent to the payroll provider over the internet unprotected,"The reported finding specifically mentions the encryption of the payroll change file using a third-party's PGP public key, which aligns with the concern in candidate C1 regarding bank details being sent unprotected to the payroll provider. The core issue is the lack of control over the encryption key, which C1 highlights as a vulnerability.",
gs-10-hr-portal,prediction,12,agent,MEDIUM,"8. Logging, Monitoring and Operations","issue: The Portal API logs record-level access events to a Log Analytics workspace with only 90-day retention, which is shorter than the required 12 months. recommendation: Increase the retention period of record-level access events to at least 12 months.",correct,Record-level HR data access logs kept only 90 days and not sent to the SIEM,"The reported finding specifically addresses the insufficient retention period (90 days) for record-level access events in Log Analytics, which directly corresponds to candidate C3's description of the same issue: record-level HR data access logs kept only 90 days and not sent to the SIEM.",
gs-10-hr-portal,prediction,13,agent,MEDIUM,"8. Logging, Monitoring and Operations","issue: The SIEM does not appear to be logging all mandatory event categories, specifically account lifecycle events, configuration and policy changes, and data export or bulk read operations above a defined threshold. recommendation: Enable logging for the missing categories in the SIEM.",correct,Record-level HR data access logs kept only 90 days and not sent to the SIEM,"The reported finding specifically addresses missing logging categories within the SIEM, particularly concerning account lifecycle events, configuration changes, and data export operations. Candidate C4 mirrors this concern by highlighting the limited retention and lack of SIEM integration for record-level HR data access logs, which are crucial for investigations and security monitoring.",
gs-10-hr-portal,prediction,14,agent,MEDIUM,"8. Logging, Monitoring and Operations","issue: The SIEM retains security logs for the required 12 months, but it is unclear if the most recent 90 days are immediately searchable. recommendation: Verify that the most recent 90 days of security logs are immediately searchable in the SIEM.",correct,Record-level HR data access logs kept only 90 days and not sent to the SIEM,"The reported finding concerns the searchability of security logs within the SIEM, specifically the ability to quickly access recent logs. Candidate C3 also addresses log retention and forwarding to the SIEM, highlighting a similar issue of limited log visibility and a mismatch in retention periods between different logging systems.",
gs-10-hr-portal,prediction,15,agent,MEDIUM,9. Backup and Disaster Recovery,"issue: The Azure SQL database has a defined backup schedule, but the configuration and infrastructure definitions are not recoverable. recommendation: Implement a procedure to recover configuration and infrastructure definitions, and ensure it is recoverable.",correct,No defined rotation for payroll SFTP and PGP signing keys,"The reported finding focuses on the lack of recoverability of configuration and infrastructure definitions, specifically related to the Azure SQL database. Candidate C1 addresses a similar lack of defined rotation and replacement procedures for critical keys, which are essential configuration elements, making it the closest match.",
gs-10-hr-portal,prediction,16,agent,MEDIUM,3.3 Payroll export,issue: Unspecified issue. recommendation: Remediation not specified by the reviewer; requires architect input.,correct,No defined rotation for payroll SFTP and PGP signing keys,"The reported finding mentions an unspecified issue related to payroll export, and candidate C1 directly addresses the lack of key rotation for the SFTP and PGP signing keys used in the payroll export process to Payfield, which aligns with the core concern of the finding.",
gs-10-hr-portal,prediction,17,correlation,MEDIUM,Cross-domain,"issue: The application relies on network segmentation for tenant isolation, but the network design has one flat segment. recommendation: Implement network segmentation to isolate tenants.",TRAP,"MUST-NOT-FLAG: HR portal exposed to the internet / accessible from personal devices without MFA, WAF or device controls","The reported finding specifically addresses the lack of network segmentation for tenant isolation, which directly relates to the security of the network architecture. Candidate C1 highlights a broader exposure issue, but doesn't specifically mention the lack of network segmentation.",
gs-10-hr-portal,prediction,18,correlation,MEDIUM,Cross-domain,"issue: The application uses the authorisation code flow with PKCE, but it does not use the enterprise identity provider via OIDC or SAML as required by [application-security-standard.md §3.2]. recommendation: Use the enterprise identity provider via OIDC or SAML as required by [application-security-standard.md §3.2].",TRAP,"MUST-NOT-FLAG: HR portal exposed to the internet / accessible from personal devices without MFA, WAF or device controls","The reported finding specifically addresses the authentication mechanism (authorization code flow with PKCE) and its deviation from the required enterprise identity provider integration (OIDC or SAML). Candidate C1, concerning access from personal devices without MFA, directly relates to authentication and access control, aligning with the finding's focus on authentication weaknesses.",
gs-10-hr-portal,prediction,19,correlation,MEDIUM,Cross-domain,"issue: The payroll change file is encrypted with Payfield's PGP public key, which is not a customer-managed key. recommendation: Use a customer-managed key for encryption.",TRAP,MUST-NOT-FLAG: Sensitive employee PII not encrypted at rest,"The reported finding specifically addresses the use of a non-customer-managed key for encryption, which directly relates to the broader concern of sensitive employee PII not being adequately encrypted at rest (C1). The other candidates address different issues like log retention, key rotation, and transmission security.",
gs-10-hr-portal,prediction,20,correlation,MEDIUM,Cross-domain,"issue: The SIEM does not appear to be logging all mandatory event categories, specifically account lifecycle events, configuration and policy changes, and data export or bulk read operations above a defined threshold. recommendation: Ensure the SIEM logs all mandatory event categories.",correct,Record-level HR data access logs kept only 90 days and not sent to the SIEM,"The reported finding specifically mentions missing logging of mandatory event categories, particularly those related to account lifecycle, configuration changes, and data access. Candidate C2 directly addresses this issue by highlighting the insufficient retention and SIEM forwarding of record-level HR data access logs, which are crucial for security investigations.",
gs-10-hr-portal,prediction,21,correlation,MEDIUM,Cross-domain,"issue: The SIEM retains security logs for the required 12 months, but it is unclear if the most recent 90 days are immediately searchable. recommendation: Ensure the SIEM retains the most recent 90 days are immediately searchable.",correct,Record-level HR data access logs kept only 90 days and not sent to the SIEM,"The reported finding concerns the retention and searchability of security logs within the SIEM, specifically highlighting a potential gap in timely investigation capabilities. Candidate C4 also addresses a limitation in log retention and forwarding to the SIEM, directly mirroring the concern about the availability of critical security data for investigations.",
gs-10-hr-portal,prediction,22,rules_engine,MEDIUM,Document (completeness),"issue: The design does not classify the data it handles. Retention, residency, encryption strength and access-logging requirements all derive from classification, so none of them can be checked. recommendation: State, per data store and per flow, the classification of the data held or carried (for example Public / Internal / Confidential / PHI).",TRAP,MUST-NOT-FLAG: Sensitive employee PII not encrypted at rest,"The reported finding explicitly states that data classification is missing, which directly impacts the ability to define appropriate security controls like retention, residency, encryption, and access logging. Candidate C2 highlights the lack of encryption for sensitive PII, a direct consequence of missing data classification.",
gs-10-hr-portal,prediction,23,rules_engine,MEDIUM,Document (completeness),"issue: The design does not state where its trust boundaries lie. Controls are only meaningful relative to a boundary, so authentication placement, filtering and encryption requirements cannot be judged. recommendation: Mark the trust boundaries on the architecture diagram and state, for each boundary crossing, what authenticates and what is filtered.",correct,No defined rotation for payroll SFTP and PGP signing keys,"The reported finding focuses on the lack of defined trust boundaries, which directly impacts the effectiveness of security controls like authentication and filtering. Candidate C1, regarding the payroll SFTP and PGP keys, highlights a critical boundary crossing (PeopleHub to Payfield) where authentication and filtering are inadequate due to the lack of key rotation and defined lifecycle.",
gs-10-hr-portal,prediction,24,rules_engine,MEDIUM,Whole document,"issue: No threat model or documented attack-surface analysis accompanies the design. recommendation: Produce a STRIDE or equivalent threat model covering every trust boundary in the design, with mitigations traced to specific controls and residual risks accepted by a named owner.",TRAP,MUST-NOT-FLAG: Bank details sent to the payroll provider over the internet unprotected,"The reported finding highlights the lack of a threat model and attack surface analysis, indicating a general absence of proactive security considerations. Candidate C1, concerning unprotected bank details transmitted over the internet, represents a specific vulnerability stemming from a lack of security controls and a potential attack surface.",
gs-10-hr-portal,prediction,25,rules_engine,LOW,Document (completeness),"issue: The design does not name its external or third-party dependencies. Data leaving to a third party, and under what agreement, cannot be assessed. recommendation: List every external system the design talks to, what data it receives, and the agreement that covers it - or state explicitly that there are none.",correct,No defined rotation for payroll SFTP and PGP signing keys,"The reported finding specifically highlights the lack of visibility into external dependencies and data flows, which directly relates to the key management practices described in candidate C1. C1 details a critical dependency (Payfield) and the lack of key rotation, mirroring the finding's concern about unassessed external interactions.",
gs-11-mobile-banking-injection,prediction,1,agent,CRITICAL,6. Network and Transport Security,issue: The design does not require authentication for the OpenAPI specifications and interactive documentation at /docs on the public API Gateway. recommendation: Implement authentication for the OpenAPI specifications and interactive documentation.,correct,Internal API specifications published on the public gateway,"The reported finding specifically addresses the exposure of API specifications and interactive documentation on a public gateway, which is exactly what candidate C7 describes. Both findings highlight the risk of exposing internal API details to unauthorized access.",
gs-11-mobile-banking-injection,prediction,2,agent,CRITICAL,PCCU Mobile Banking Backend — High-Level Design,"issue: The internal reporting API has no authentication, violating [application-security-standard.md §3.1] Authentication coverage. recommendation: Implement authentication for the internal reporting API, or explicitly list it as an exception in the design.",correct,Internal API specifications published on the public gateway,"The reported finding specifically mentions a lack of authentication on an internal API, and candidate C3 also describes a security issue related to publicly accessible API specifications, which inherently lack authentication controls. Both findings highlight the exposure of internal APIs and their functionalities.",
gs-11-mobile-banking-injection,prediction,3,agent,HIGH,3.1 Request handling,"issue: Input validation is client-side, not server-side, as required by [application-security-standard.md §5.1]. recommendation: Move input validation to the server-side, and reject requests on failure.",TRAP,MUST-NOT-FLAG: Weak authentication with a six-digit PIN,"The reported finding specifically addresses the lack of server-side input validation, which is a weakness in request handling. Candidate C1, regarding weak authentication with a six-digit PIN, also relates to a weakness in request handling and authentication, making it a relevant match.",
gs-11-mobile-banking-injection,prediction,4,agent,HIGH,5. Device Lifecycle and Notifications,"issue: The Notification Service consumes transaction events from the Core-Banking Connector without authentication, which is a violation of [application-security-standard.md §3.1] Authentication coverage. recommendation: Implement authentication for the Notification Service by requiring a validated OAuth 2.0 access token for all service-to-service calls.",correct,Core-banking and service-to-service traffic unencrypted behind the ALB,"The reported finding specifically highlights the lack of authentication between the Notification Service and the Core-Banking Connector, which directly relates to the issue of unencrypted service-to-service traffic described in candidate C2. Both findings point to a critical vulnerability where sensitive data is transmitted without proper authentication or encryption.",
gs-11-mobile-banking-injection,prediction,5,agent,HIGH,6. Network and Transport Security,"issue: The design does not enforce lockout for authentication endpoints, which is a violation of [application-security-standard.md §7.2]. recommendation: Implement lockout for authentication endpoints.",TRAP,MUST-NOT-FLAG: Weak authentication with a six-digit PIN,"The reported finding concerns the lack of lockout mechanisms for authentication endpoints, which directly relates to the weakness of authentication itself. Candidate C7, which also addresses a weak authentication method (a six-digit PIN), shares this underlying concern.",
gs-11-mobile-banking-injection,prediction,6,agent,HIGH,6. Network and Transport Security,"issue: The design does not enforce progressive delay for authentication endpoints, which is a violation of [application-security-standard.md §7.2]. recommendation: Implement progressive delay for authentication endpoints.",TRAP,MUST-NOT-FLAG: Weak authentication with a six-digit PIN,"The reported finding concerns the lack of progressive delay for authentication endpoints, which relates to the security of the authentication process itself. Candidate C7, which mentions a weak six-digit PIN, also addresses a weakness in authentication, making it a relevant match.",
gs-11-mobile-banking-injection,prediction,7,agent,HIGH,2. Architecture Overview,"issue: The application uses a six-digit PIN for user authentication, which is not OIDC or SAML as required by the Application Security Architecture Standard §3.2. recommendation: Implement OIDC or SAML for interactive user authentication.",TRAP,MUST-NOT-FLAG: Weak authentication with a six-digit PIN,"The reported finding specifically mentions a six-digit PIN being used for user authentication, which is the exact issue described in candidate C6. The finding highlights a weak authentication mechanism, and C6 mirrors this concern.",
gs-11-mobile-banking-injection,prediction,8,agent,HIGH,3.4 Core-Banking Connector,"issue: The connector uses a static, non-expiring API key for internal service-to-service calls, which violates [application-security-standard.md §3.3] Machine-to-machine authentication. recommendation: Replace the static API key with short-lived credentials, such as workload identity or mTLS certificates, and rotate the key at least every 90 days.",correct,"Production secrets (core-banking password, APNs and Firebase keys) stored in Git","The reported finding specifically addresses the use of static API keys for service-to-service authentication, which directly relates to the issue of production secrets (specifically, the core-banking password) being stored in Git (C2). Both highlight a failure to properly manage and protect credentials.",
gs-11-mobile-banking-injection,prediction,9,agent,HIGH,4. Authentication and Device Binding,"issue: Refresh tokens are valid for 90 days, which exceeds the maximum lifetime of 15 minutes for access tokens. recommendation: Rotate refresh tokens on use, and consider implementing a shorter lifetime for refresh tokens.",TRAP,MUST-NOT-FLAG: Excessively long-lived refresh tokens,"The reported finding specifically addresses the issue of refresh token lifetimes and the need for rotation, which directly aligns with candidate C5's description of excessively long-lived refresh tokens.",
gs-11-mobile-banking-injection,prediction,10,agent,HIGH,"9. Data Protection, Backup and Recovery","issue: Backups are described without immutability, offline copy, or a tested restore. The manual snapshot is taken before each release, but its immutability and offline status are not described. recommendation: Implement immutability, offline copies, or tested restores for backups.",correct,Backups not immutable and held in the production account,"The reported finding specifically addresses the lack of immutability, offline copies, and tested restores for backups, and the risk of data loss if an attacker gains production admin rights. Candidate C6 mirrors this concern by highlighting that backups reside in the production account without proper safeguards, making them vulnerable to deletion by an attacker with production admin privileges.",
gs-11-mobile-banking-injection,prediction,11,rules_engine,HIGH,2. Architecture Overview,"issue: Sensitive data is written to application logs. recommendation: Mask or omit PII, card data, tokens and full request bodies in logs. Log identifiers and correlation IDs instead of payloads, and apply the same classification controls to log stores as to the source data.",correct,Bearer tokens and sensitive headers written to widely readable access logs,"The reported finding specifically addresses the issue of sensitive data (PII, card data, tokens, request bodies) being written to application logs and the need for redaction or omission. Candidate C5 mirrors this exact concern, highlighting the logging of bearer tokens and sensitive headers in access logs, which requires redaction.",
gs-11-mobile-banking-injection,prediction,12,rules_engine,HIGH,"8. Identity, Logging and Operations","issue: Sensitive data is written to application logs. recommendation: Mask or omit PII, card data, tokens and full request bodies in logs. Log identifiers and correlation IDs instead of payloads, and apply the same classification controls to log stores as to the source data.",correct,Bearer tokens and sensitive headers written to widely readable access logs,"The reported finding specifically addresses the issue of sensitive data (PII, card data, tokens, request bodies) being written to application logs and the need for redaction or omission. Candidate C7 mirrors this exact concern, highlighting bearer tokens and sensitive headers being logged and accessible, thus representing the same underlying weakness.",
gs-11-mobile-banking-injection,prediction,13,correlation,HIGH,Cross-domain,"issue: Input validation is client-side, not server-side, as required by [application-security-standard.md §5.1]. recommendation: Implement server-side input validation.",correct,Internal API specifications published on the public gateway,"The reported finding specifically mentions client-side input validation and the need for server-side validation. Candidate C1, regarding published API specifications, reveals internal operations and parameters, which would inherently expose input validation mechanisms and their potential weaknesses, making it a related concern.",
gs-11-mobile-banking-injection,prediction,14,correlation,HIGH,Cross-domain,"issue: The application relies on network segmentation for tenant isolation, but the network design has one flat segment. recommendation: Implement network segmentation for tenant isolation.",TRAP,MUST-NOT-FLAG: Account data disclosed through third-party push services (APNs/FCM),"The reported finding specifically addresses the lack of network segmentation for tenant isolation, which means different tenants' data should be isolated from each other. Candidate C1, regarding account data disclosure through push services, also highlights a lack of isolation and potential data leakage, making it the closest match.",
gs-11-mobile-banking-injection,prediction,15,correlation,HIGH,Cross-domain,"issue: The application uses a six-digit PIN for user authentication, which is not OIDC or SAML as required by the Application Security Architecture Standard §3.2. recommendation: Implement OIDC or SAML for user authentication.",TRAP,MUST-NOT-FLAG: Weak authentication with a six-digit PIN,The reported finding specifically mentions a weak authentication mechanism using a six-digit PIN and recommends implementing OIDC or SAML. Candidate C3 directly addresses this same weakness in the authentication process.,
gs-11-mobile-banking-injection,prediction,16,correlation,HIGH,Cross-domain,"issue: Backups are described without immutability, offline copy, or a tested restore. The manual snapshot is taken before each release, but its immutability and offline status are not described. recommendation: Implement immutability, offline copy, and tested restore for backups.",correct,Backups not immutable and held in the production account,"The reported finding specifically addresses the lack of immutability, offline storage, and tested restore procedures for backups, and the risk associated with backups residing within the production account. Candidate C4 mirrors this exact concern regarding backups not being immutable and held in the production account, highlighting the potential for data deletion and cross-region replication of destructive changes.",
gs-11-mobile-banking-injection,prediction,17,correlation,HIGH,Cross-domain,"issue: The application uses a six-digit PIN for user authentication, which is not OIDC or SAML as required by the Application Security Architecture Standard §3.2. recommendation: Implement OIDC or SAML for user authentication.",TRAP,MUST-NOT-FLAG: Weak authentication with a six-digit PIN,"The reported finding specifically mentions a six-digit PIN being used for user authentication, which directly aligns with the weakness described in candidate C1 regarding weak authentication with a PIN. The finding's recommendation to implement OIDC or SAML addresses the same underlying issue of inadequate authentication mechanisms.",
gs-11-mobile-banking-injection,prediction,18,correlation,HIGH,Cross-domain,"issue: The application relies on network segmentation for tenant isolation, but the network design has one flat segment. recommendation: Implement network segmentation for tenant isolation.",correct,No object-level authorisation: services trust client-supplied account identifiers (IDOR),"The reported finding focuses on the lack of network segmentation for tenant isolation, which directly relates to the risk of unauthorized access between tenants. Candidate C1, concerning IDOR, highlights a similar weakness: the application trusts client-supplied account identifiers without proper authorization, enabling unauthorized access to other users' data, which is a direct consequence of insufficient isolation.",
gs-11-mobile-banking-injection,prediction,19,rules_engine,HIGH,"9. Data Protection, Backup and Recovery","issue: Backups are described without immutability, offline copy, or a tested restore. recommendation: Hold at least one immutable or air-gapped copy outside the production identity domain, and test restore at defined intervals with the result recorded against the stated RTO/RPO.",correct,Backups not immutable and held in the production account,"The reported finding specifically addresses the lack of immutability, offline copies, and tested restores for backups, which directly aligns with candidate C4's description of backups residing in the production account without cross-account copies or Vault Lock.",
gs-11-mobile-banking-injection,prediction,20,agent,MEDIUM,6. Network and Transport Security,"issue: The design does not rate limit public APIs, which is a violation of [application-security-standard.md §7.2]. recommendation: Implement per-principal rate limits for externally reachable endpoints.",correct,Bearer tokens and sensitive headers written to widely readable access logs,"The reported finding concerns the lack of rate limiting on public APIs, which exposes the system to denial-of-service attacks and potential abuse. Candidate C1 discusses sensitive data (bearer tokens) being logged, which could be exploited if an attacker can repeatedly call the API, making rate limiting a relevant mitigation.",
gs-11-mobile-banking-injection,prediction,21,agent,MEDIUM,4. Authentication and Device Binding,"issue: The Auth Service verifies the key's signature over a server-issued nonce, which may not be secure if the nonce is predictable or reused. recommendation: Use a cryptographically secure random number generator to generate server-issued nonces, and ensure they are never reused.",TRAP,MUST-NOT-FLAG: Weak authentication with a six-digit PIN,"The reported finding concerns the security of nonces used in authentication, specifically highlighting the risk of predictability or reuse. Candidate C5, which mentions 'Weak authentication with a six-digit PIN', also addresses a weakness in authentication mechanisms, making it a relevant match.",
gs-11-mobile-banking-injection,prediction,22,agent,MEDIUM,7. Fraud Engine,"issue: The Fraud Engine receives scoring requests from the Transfer Service for ACH transfers, and login and device-enrolment events from the Auth Service, which may bypass input validation. recommendation: Implement server-side input validation for all input crossing a trust boundary, as per [application-security-standard.md §5.1].",correct,P2P payments bypass fraud scoring,"The reported finding specifically highlights a lack of input validation on data received by the Fraud Engine from other services (Transfer and Auth). Candidate C5 also describes a similar bypass of fraud scoring for P2P payments, indicating a lack of input validation or risk checks on data received by the core system from the Payments Service.",
gs-11-mobile-banking-injection,prediction,23,agent,MEDIUM,"8. Identity, Logging and Operations","issue: The logging cluster is accessible to a large group of users, which may increase the risk of unauthorized access or data breaches. recommendation: Restrict access to the logging cluster to only those who require it for their job functions, and consider implementing role-based access control.",correct,Bearer tokens and sensitive headers written to widely readable access logs,"The reported finding specifically mentions the logging cluster being accessible to a large group of users, which directly relates to the issue of sensitive data (bearer tokens) being written to widely readable access logs (C2). This highlights the risk of unauthorized access and data breaches due to overly permissive access controls.",
gs-11-mobile-banking-injection,prediction,24,agent,MEDIUM,"8. Identity, Logging and Operations","issue: The logging cluster retention period is 13 months, which is longer than the minimum required by the Logging, Monitoring and Detection Standard (§4.1). recommendation: Reduce the retention period to the minimum required by the standard, which is 12 months, with the most recent 90 days immediately searchable.",correct,Bearer tokens and sensitive headers written to widely readable access logs,"The reported finding specifically addresses the retention period of logs and its conflict with a standard, highlighting a data handling issue. Candidate C4 also discusses logging practices and the exposure of sensitive data (bearer tokens) within access logs, directly relating to the finding's concern about inappropriate data handling and potential security risks.",
gs-11-mobile-banking-injection,prediction,25,agent,MEDIUM,"8. Identity, Logging and Operations","issue: The use of AWS Secrets Manager for storing database credentials is not explicitly mentioned in the retrieved standards. recommendation: Verify that the use of AWS Secrets Manager meets the requirements of the Mandatory Event Set (§2.2) and the Logging, Monitoring and Detection Standard (§3).",correct,"Production secrets (core-banking password, APNs and Firebase keys) stored in Git","The reported finding specifically mentions the use of AWS Secrets Manager and the need to verify its compliance with logging and monitoring standards. Candidate C3 also discusses production secrets (including passwords) being stored in a repository, which is a related issue of improper secret management, aligning with the finding's concern about secure storage and adherence to standards.",
gs-11-mobile-banking-injection,prediction,26,rules_engine,MEDIUM,Whole document,"issue: No dependency, container or supply-chain scanning is described in the pipeline. recommendation: Add SCA and container image scanning as blocking pipeline gates, publish an SBOM per release, and fail the build on new critical CVEs in direct dependencies.",correct,"Production secrets (core-banking password, APNs and Firebase keys) stored in Git","The reported finding focuses on the lack of security scanning within the software development pipeline, specifically mentioning SCA, container image scanning, SBOM generation, and CVE management. Candidate C4 also describes a critical security flaw related to secrets management within the CI/CD pipeline, which aligns with the finding's concern about supply chain security and build integrity.",
gs-11-mobile-banking-injection,prediction,27,rules_engine,MEDIUM,Document (completeness),"issue: The design does not classify the data it handles. Retention, residency, encryption strength and access-logging requirements all derive from classification, so none of them can be checked. recommendation: State, per data store and per flow, the classification of the data held or carried (for example Public / Internal / Confidential / PHI).",correct,Bearer tokens and sensitive headers written to widely readable access logs,"The reported finding focuses on the lack of data classification, which directly impacts security controls like retention, residency, and encryption. Candidate C7, regarding sensitive headers (including bearer tokens) being logged, highlights a consequence of not properly classifying data and understanding its sensitivity.",
gs-11-mobile-banking-injection,prediction,28,rules_engine,MEDIUM,Document (completeness),"issue: The design does not state where its trust boundaries lie. Controls are only meaningful relative to a boundary, so authentication placement, filtering and encryption requirements cannot be judged. recommendation: Mark the trust boundaries on the architecture diagram and state, for each boundary crossing, what authenticates and what is filtered.",correct,No object-level authorisation: services trust client-supplied account identifiers (IDOR),"The reported finding specifically highlights the lack of defined trust boundaries, which directly relates to the absence of object-level authorization (C1) where services trust client-supplied account identifiers without proper validation. This demonstrates a failure to enforce boundaries and a lack of control over what data is accessed, mirroring the core concern of the reported finding.",
gs-11-mobile-banking-injection,prediction,29,rules_engine,MEDIUM,Whole document,"issue: No threat model or documented attack-surface analysis accompanies the design. recommendation: Produce a STRIDE or equivalent threat model covering every trust boundary in the design, with mitigations traced to specific controls and residual risks accepted by a named owner.",correct,Shared admin IAM user with long-lived access keys for production administration,"The reported finding specifically calls out the lack of a threat model and attack surface analysis, which directly relates to the absence of proactive security considerations and risk mitigation planning. Candidate C1 highlights a significant security vulnerability (shared admin IAM user) that would be identified and addressed through a proper threat modeling exercise.",
gs-11-mobile-banking-injection,missed_expected,,,MEDIUM,"8. Identity, Logging and Operations","F9: SIEM coverage omits CloudTrail, EKS audit logs and business audit events",MISSED,,,
gs-12-iot-telemetry,prediction,1,agent,CRITICAL,2. System Overview,"issue: The internal reporting API is unauthenticated, violating [application-security-standard.md §3.1] Authentication coverage. recommendation: Implement authentication for the internal reporting API using a validated OAuth 2.0 access token.",TRAP,MUST-NOT-FLAG: Unauthenticated nearby-scooters endpoint leaks rider locations,"The reported finding specifically mentions an unauthenticated API, which aligns with candidate C7, where an unauthenticated endpoint leaks rider locations. Both findings highlight a lack of authentication leading to unauthorized access and data exposure.",
gs-12-iot-telemetry,prediction,2,agent,CRITICAL,8.2 Customer App API,"issue: The GET /v1/rides/{rideId}/trail endpoint returns sensitive data (GPS trail) without authentication, violating [application-security-standard.md §3.1] Authentication coverage. recommendation: Implement authentication for the GET /v1/rides/{rideId}/trail endpoint, and list it in the design as an exception.",TRAP,MUST-NOT-FLAG: Unauthenticated nearby-scooters endpoint leaks rider locations,"The reported finding specifically highlights an unauthenticated endpoint (GET /v1/rides/{rideId}/trail) exposing sensitive GPS trail data, which directly aligns with candidate C1's description of an unauthenticated endpoint leaking rider locations.",
gs-12-iot-telemetry,prediction,3,agent,CRITICAL,8.2 Customer App API,"issue: The GET /v1/scooters/nearby endpoint is unauthenticated, violating [application-security-standard.md §3.1] Authentication coverage. recommendation: Implement authentication for the GET /v1/scooters/nearby endpoint, and list it in the design as an exception.",TRAP,MUST-NOT-FLAG: Unauthenticated nearby-scooters endpoint leaks rider locations,"The reported finding specifically highlights the lack of authentication for the `/v1/scooters/nearby` endpoint, which directly exposes rider locations. Candidate C2 mirrors this exact vulnerability: an unauthenticated endpoint leaking rider locations.",
gs-12-iot-telemetry,prediction,4,agent,CRITICAL,9. Security Controls,"issue: The endpoint GET /v1/scooters/nearby does not require authentication, violating [application-security-standard.md §3.1] Authentication coverage. recommendation: Add authentication to the endpoint GET /v1/scooters/nearby.",TRAP,MUST-NOT-FLAG: Unauthenticated nearby-scooters endpoint leaks rider locations,"The reported finding specifically highlights the lack of authentication on the `/v1/scooters/nearby` endpoint, which directly exposes rider locations. Candidate C2 mirrors this exact issue, describing how the unauthenticated endpoint leaks rider locations.",
gs-12-iot-telemetry,prediction,5,agent,HIGH,9. Security Controls,"issue: The API Gateway validates the Cognito JWT signature, expiry and audience on every authenticated request, but backend services trust requests forwarded by the gateway and do not repeat authorisation checks, violating [application-security-standard.md §3.4] Token handling. recommendation: Backend services must validate JWT tokens on every request, not just those forwarded by the gateway.",correct,IDOR on ride trail endpoint exposes every rider's GPS history,"The reported finding specifically addresses the issue of backend services failing to validate JWT tokens, relying solely on the API Gateway's validation. Candidate C4 mirrors this exact weakness: backend services trusting the gateway's JWT validation without performing their own authorization checks, leading to IDOR.",
gs-12-iot-telemetry,prediction,6,agent,HIGH,9. Security Controls,"issue: The unlock token is valid for 60 seconds, which exceeds the 15-minute limit in [application-security-standard.md §3.4] Token handling. recommendation: Reduce the unlock token's validity period to 15 minutes or less.",correct,No audit trail for operator commands and location trail lookups,"The reported finding concerns the validity period of an unlock token, specifically highlighting that it exceeds a defined limit. Candidate C1 addresses a lack of audit trails for operator commands, including unlocking actions, which is directly related to the management and tracking of token usage and authorization.",
gs-12-iot-telemetry,prediction,7,agent,HIGH,10. Build and Release,"issue: The pipeline uses a long-lived federated credential (OIDC workload identity) for the firmware signing private key, which is prohibited by [secure-sdlc-standard.md §3.1]. recommendation: Store the firmware signing private key as a short-lived federated credential (OIDC workload identity) in the pipeline.",correct,Fleet firmware signing key exposed to all CI jobs including merge-request pipelines,"The reported finding specifically addresses the security risk of using a long-lived credential (OIDC workload identity) for firmware signing, highlighting the potential for compromise. Candidate C6 mirrors this concern by also identifying the firmware signing key as being exposed to all CI jobs, including merge request pipelines, creating a similar risk of unauthorized access and potential key compromise.",
gs-12-iot-telemetry,prediction,8,correlation,HIGH,Cross-domain,"issue: The cloud design does not specify a retention period for Confidential rider account data, violating [cloud-data-protection-standard.md §4.1] Retention and disposal, but the application design relies on network segmentation for tenant isolation, which is not implemented in the network design. recommendation: Specify a retention period for Confidential rider account data and implement network segmentation for tenant isolation.",correct,Rider-linkable GPS telemetry misclassified as non-personal and kept indefinitely,"The reported finding highlights the lack of a specified retention period for confidential rider data and the absence of network segmentation for tenant isolation. Candidate C1 directly addresses the issue of rider-linkable GPS telemetry being retained indefinitely and misclassified as non-personal, which aligns with the data retention concern.",
gs-12-iot-telemetry,prediction,9,agent,HIGH,11. Data Classification and Retention,"issue: The design does not specify a retention period for Confidential rider account data, violating [cloud-data-protection-standard.md §4.1] Retention and disposal. recommendation: Define a retention period for Confidential rider account data and implement an automated disposal mechanism.",correct,Rider-linkable GPS telemetry misclassified as non-personal and kept indefinitely,"The reported finding specifically addresses the lack of a defined retention period and automated disposal mechanism for sensitive rider account data. Candidate C5 also highlights a data classification and retention issue related to rider telemetry, specifically noting indefinite retention and misclassification of personal data.",
gs-12-iot-telemetry,prediction,10,correlation,HIGH,Cross-domain,"issue: The network design does not mention any first-hop redundancy protocol for the VLAN gateway, which is a requirement for high availability, but the cloud design does not specify a retention period for Confidential rider account data, violating [cloud-data-protection-standard.md §4.1] Retention and disposal. recommendation: Implement a first-hop redundancy protocol for the VLAN gateway and specify a retention period for Confidential rider account data.",correct,No audit trail for operator commands and location trail lookups,"The reported finding highlights a lack of audit trails for operator commands and location trail lookups, mirroring the concern in candidate C1 regarding the absence of durable audit records for user actions and trail replays.",
gs-12-iot-telemetry,prediction,11,agent,HIGH,7. Firmware OTA Updates,"issue: The design uses plain HTTP for firmware updates, violating [vulnerability-resilience-standard.md §2.1] Hardening baseline Requirement: Every operating system, container image, database and network device MUST be built from the approved hardened baseline (CIS Benchmark Level 1 minimum, Level 2 for internet-facing systems). recommendation: Use HTTPS for firmware updates to ensure secure transmission of firmware images.",TRAP,MUST-NOT-FLAG: Firmware downloaded over plain HTTP can be tampered with in transit,The reported finding specifically highlights the risk of firmware tampering due to the use of plain HTTP for downloads. Candidate C4 directly addresses this same vulnerability: firmware downloaded over plain HTTP can be tampered with in transit.,
gs-12-iot-telemetry,prediction,12,agent,HIGH,1. Purpose and Scope,"issue: The design does not mention any first-hop redundancy protocol for the VLAN gateway, which is a requirement for high availability. recommendation: Implement HSRP or VRRP on the VLAN gateway to provide first-hop redundancy.",unmatched,,"The reported finding concerns a lack of redundancy for a VLAN gateway, specifically mentioning HSRP or VRRP. Candidate C1 describes a debug console left enabled on production devices, which is a different security concern related to device access and not network redundancy.",
gs-12-iot-telemetry,prediction,13,rules_engine,HIGH,4. MQTT Broker,"issue: Authorisation appears to be enforced in the client or gateway only, with the service trusting inbound identity claims. recommendation: Enforce object-level authorisation in the service that owns the data, on every request. Gateway and UI checks are usability features, not security controls.",correct,Any device certificate can publish commands to every scooter via wildcard MQTT ACL,"The reported finding specifically highlights the issue of trusting inbound identity claims and the lack of object-level authorization, which directly relates to the authorization weakness described in candidate C7 regarding MQTT ACLs allowing any device certificate to publish commands to every scooter.",
gs-12-iot-telemetry,prediction,14,rules_engine,HIGH,3. Device Platform and Provisioning,"issue: Encryption keys have no defined custody, rotation or escrow model. recommendation: Store keys in an HSM or managed KMS with dual control, define a rotation period per key class, separate key custodians from data administrators, and document the recovery procedure.",correct,Device issuing CA private key stored as a file at the contract manufacturer,"The reported finding specifically addresses the lack of a defined key management model (custody, rotation, escrow) for encryption keys. Candidate C2 directly mirrors this concern by highlighting the insecure storage of the device issuing CA private key as a password-protected file, which is a critical key management failure.",
gs-12-iot-telemetry,prediction,15,rules_engine,HIGH,6. Stream Processing and Storage,"issue: Encryption keys have no defined custody, rotation or escrow model. recommendation: Store keys in an HSM or managed KMS with dual control, define a rotation period per key class, separate key custodians from data administrators, and document the recovery procedure.",correct,Fleet firmware signing key exposed to all CI jobs including merge-request pipelines,"The reported finding specifically addresses the lack of proper key management (custody, rotation, escrow) and the recommendation to use an HSM or KMS with dual control. Candidate C1 directly highlights a critical key management issue - the fleet firmware signing key being exposed in CI/CD pipelines, which aligns with the finding's concern about key custody and security.",
gs-12-iot-telemetry,prediction,16,agent,HIGH,6. Stream Processing and Storage,issue: Unspecified issue. recommendation: Remediation not specified by the reviewer; requires architect input.,correct,No audit trail for operator commands and location trail lookups,"The reported finding mentions a lack of specified remediation and requires architect input, which aligns with candidate C1's description of missing audit trails for operator commands and location trail lookups, highlighting a critical gap in accountability and security.",
gs-12-iot-telemetry,prediction,17,rules_engine,HIGH,7. Firmware OTA Updates,"issue: Encryption keys have no defined custody, rotation or escrow model. recommendation: Store keys in an HSM or managed KMS with dual control, define a rotation period per key class, separate key custodians from data administrators, and document the recovery procedure.",correct,Fleet firmware signing key exposed to all CI jobs including merge-request pipelines,"The reported finding specifically addresses the lack of proper key management (custody, rotation, and escrow) for encryption keys. Candidate C7 mirrors this concern by highlighting the exposure of the firmware signing key within the CI/CD pipeline, which represents a critical key management vulnerability.",
gs-12-iot-telemetry,prediction,18,correlation,MEDIUM,Cross-domain,"issue: The application design relies on network segmentation for tenant isolation, but the network design has one flat segment. recommendation: Implement network segmentation for tenant isolation.",correct,"Any dashboard user can immobilise any scooter in any city, even mid-ride","The reported finding highlights a lack of network segmentation for tenant isolation, which directly relates to the lack of scoping and authorization for high-impact commands like immobilization, as described in candidate C1. Both findings point to a deficiency in access control and the potential for unauthorized actions due to insufficient isolation.",
gs-12-iot-telemetry,prediction,19,agent,MEDIUM,8.2 Customer App API,"issue: The ride ID is a sequential integer, which could be used for brute-force attacks, violating [application-security-standard.md §7.2] Rate limiting and abuse. recommendation: Implement rate limiting and abuse protection for the ride ID, and consider using a cryptographically secure pseudo-random number generator.",correct,IDOR on ride trail endpoint exposes every rider's GPS history,"The reported finding specifically mentions the risk of brute-force attacks due to sequential ride IDs and the exposure of rider GPS history via the ride trail endpoint. Candidate C5 directly addresses the IDOR vulnerability on the ride trail endpoint, where sequential ride IDs allow unauthorized access to other riders' GPS data.",
gs-12-iot-telemetry,prediction,20,agent,MEDIUM,4. MQTT Broker,"issue: Certificate renewal is manual, which increases the risk of expiry outages. recommendation: Automate certificate renewal and implement expiry monitoring.",correct,No certificate revocation for stolen or retired scooters,"The reported finding specifically addresses the risk of certificate expiry and the need for automation and monitoring. Candidate C6 also discusses certificate expiry and revocation, aligning with the core issue of certificate lifecycle management.",
gs-12-iot-telemetry,prediction,21,agent,MEDIUM,8.1 Operator Dashboard,"issue: The design does not specify that administrative or privileged access uses phishing-resistant factors as required by [identity-access-standard.md §2.1]. recommendation: Implement FIDO2 security keys, platform passkeys, or certificate-based authentication for administrative and privileged access.",correct,No audit trail for operator commands and location trail lookups,"The reported finding concerns privileged access and the use of phishing-resistant factors. Candidate C2 also highlights a lack of auditing for privileged actions (immobilizing/unlocking scooters) performed through the operator dashboard, which is directly related to the security of privileged access.",
gs-12-iot-telemetry,prediction,22,agent,MEDIUM,12. Logging and Monitoring,"issue: Retention of security logs is shorter than 12 months, as specified in [logging-detection-standard.md §4.1]. recommendation: Increase retention period to at least 12 months, with the most recent 90 days immediately searchable.",correct,No audit trail for operator commands and location trail lookups,"The reported finding specifically addresses the inadequate retention period for security logs and the lack of a durable audit trail for operator commands and location trail lookups, which directly relates to the absence of proper auditing and accountability. Candidate C3 mirrors this concern by highlighting the lack of audit trails for operator commands and trail replays, alongside the insufficient retention of general application logs.",
gs-12-iot-telemetry,prediction,23,agent,MEDIUM,5. Command and Control,issue: The Command Service publishes commands to the scooter's command topic without stating whether the traffic is encrypted in transit. recommendation: Implement WAN transport encryption for the Command Service.,TRAP,MUST-NOT-FLAG: Firmware downloaded over plain HTTP can be tampered with in transit,"The reported finding concerns the lack of encryption for commands transmitted to scooters, specifically highlighting the Command Service and its use of MQTT topics. Candidate C2 also addresses a lack of encryption in transit, specifically for firmware downloads, which aligns with the reported finding's concern about unencrypted communication.",
gs-12-iot-telemetry,prediction,24,agent,MEDIUM,3. Device Platform and Provisioning,issue: Unspecified issue. recommendation: Remediation not specified by the reviewer; requires architect input.,correct,"Any dashboard user can immobilise any scooter in any city, even mid-ride","The reported finding mentions a lack of scoping and authorization for high-impact commands, specifically the ability for any dashboard user to immobilize any scooter. Candidate C1 directly describes this exact scenario, highlighting the risk of unauthorized immobilization by city contractors.",
gs-12-iot-telemetry,prediction,25,rules_engine,MEDIUM,Whole document,"issue: No dependency, container or supply-chain scanning is described in the pipeline. recommendation: Add SCA and container image scanning as blocking pipeline gates, publish an SBOM per release, and fail the build on new critical CVEs in direct dependencies.",correct,Fleet firmware signing key exposed to all CI jobs including merge-request pipelines,"The reported finding focuses on the lack of security scanning in the pipeline, specifically related to dependencies, containers, and the software supply chain. Candidate C5, regarding the firmware signing key exposed to CI jobs, directly relates to a weakness in the software supply chain and build process, aligning with the finding's concern about security scanning and potential compromise of critical components.",
gs-12-iot-telemetry,prediction,26,rules_engine,MEDIUM,Document (completeness),"issue: The design does not state where its trust boundaries lie. Controls are only meaningful relative to a boundary, so authentication placement, filtering and encryption requirements cannot be judged. recommendation: Mark the trust boundaries on the architecture diagram and state, for each boundary crossing, what authenticates and what is filtered.",TRAP,MUST-NOT-FLAG: Firmware downloaded over plain HTTP can be tampered with in transit,"The reported finding specifically highlights the lack of defined trust boundaries, which directly impacts the assessment of security controls like authentication, filtering, and encryption. Candidate C1 describes a data flow (firmware download) that lacks a clear trust boundary, making it vulnerable to tampering, and thus aligns with the finding's concern about the absence of defined boundaries.",
gs-12-iot-telemetry,prediction,27,rules_engine,MEDIUM,Whole document,"issue: No threat model or documented attack-surface analysis accompanies the design. recommendation: Produce a STRIDE or equivalent threat model covering every trust boundary in the design, with mitigations traced to specific controls and residual risks accepted by a named owner.",correct,Device issuing CA private key stored as a file at the contract manufacturer,"The reported finding highlights the lack of a threat model and attack surface analysis, specifically mentioning trust boundaries and mitigations. Candidate C1 directly describes a critical trust boundary issue – the CA private key's insecure storage at a contract manufacturer – which is a key element of a threat model's focus.",
gs-12-iot-telemetry,prediction,28,agent,LOW,4. MQTT Broker,"issue: TLS 1.3 is not explicitly stated as the preferred version, which may lead to outdated TLS versions being used. recommendation: Specify TLS 1.3 as the preferred version.",correct,Any device certificate can publish commands to every scooter via wildcard MQTT ACL,"The reported finding concerns the potential use of outdated TLS versions on the MQTT broker, which could allow unauthorized access or data compromise. Candidate C1 describes a scenario where a compromised device can publish commands to other scooters via MQTT, highlighting a vulnerability related to authentication and authorization on the broker.",
gs-12-iot-telemetry,prediction,29,agent,LOW,13. Resilience,"issue: The design does not state the expected convergence time for a single link failure and a single node failure, violating [three-tier-lan-standard.md §4.3]. recommendation: State the expected convergence time for a single link failure and a single node failure, and the mechanism that achieves it.",correct,Any device certificate can publish commands to every scooter via wildcard MQTT ACL,"The reported finding concerns the lack of stated convergence times for failures, indicating a gap in the design's resilience planning. Candidate C1 describes a critical vulnerability where a compromised device can affect the entire fleet, highlighting a significant lack of resilience and control, which aligns with the finding's focus on system recovery and stability.",
gs-12-iot-telemetry,prediction,30,rules_engine,LOW,Document (completeness),"issue: The design does not name its external or third-party dependencies. Data leaving to a third party, and under what agreement, cannot be assessed. recommendation: List every external system the design talks to, what data it receives, and the agreement that covers it - or state explicitly that there are none.",TRAP,MUST-NOT-FLAG: Firmware downloaded over plain HTTP can be tampered with in transit,"The reported finding specifically highlights the lack of visibility into external dependencies and data flows, particularly concerning data leaving the system and the agreements governing it. Candidate C1 describes data being downloaded over plain HTTP, which is an external dependency with a clear data flow and a lack of secure transport, aligning with the finding's concern.",
gs-12-iot-telemetry,prediction,31,rules_engine,LOW,Document (completeness),issue: The design does not state availability targets or a recovery approach. Single points of failure cannot be identified. recommendation: State the availability target (RTO/RPO if applicable) and the redundancy or failover approach for each tier.,unmatched,,"The reported finding concerns the lack of availability targets, recovery approaches, and identification of single points of failure within the design. This relates to the overall system resilience and operational readiness, which is not addressed in any of the candidate issues.",
gs-12-iot-telemetry,missed_expected,,,HIGH,3. Device Platform and Provisioning,F6: Root debug console enabled on production scooters with keys in plain flash,MISSED,,,
